keyword,month,value,date,monthly_value_sum,weekly_weight,monthly_searches,weekly_searches,ratio,ratio_stable
ayurveda behandlungen,2018-10,0,2018-10-14,73,0.0,730.0,0.0,,10.0
ayurveda behandlungen,2018-10,0,2018-10-21,73,0.0,730.0,0.0,,10.0
ayurveda behandlungen,2018-10,73,2018-10-28,73,1.0,730.0,730.0,,10.0
ayurveda behandlungen,2018-11,0,2018-11-04,21,0.0,210.0,0.0,,10.0
ayurveda behandlungen,2018-11,0,2018-11-11,21,0.0,210.0,0.0,,10.0
ayurveda behandlungen,2018-11,0,2018-11-18,21,0.0,210.0,0.0,,10.0
ayurveda behandlungen,2018-11,21,2018-11-25,21,1.0,210.0,210.0,,10.0
ayurveda behandlungen,2018-12,0,2018-12-02,0,,0.0,,,10.0
ayurveda behandlungen,2018-12,0,2018-12-09,0,,0.0,,,10.0
ayurveda behandlungen,2018-12,0,2018-12-16,0,,0.0,,,10.0
ayurveda behandlungen,2018-12,0,2018-12-23,0,,0.0,,,10.0
ayurveda behandlungen,2018-12,0,2018-12-30,0,,0.0,,,10.0
ayurveda behandlungen,2019-01,0,2019-01-06,34,0.0,340.0,0.0,,10.0
ayurveda behandlungen,2019-01,34,2019-01-13,34,1.0,340.0,340.0,,10.0
ayurveda behandlungen,2019-01,0,2019-01-20,34,0.0,340.0,0.0,,10.0
ayurveda behandlungen,2019-01,0,2019-01-27,34,0.0,340.0,0.0,,10.0
ayurveda behandlungen,2019-02,28,2019-02-03,28,1.0,280.0,280.0,,10.0
ayurveda behandlungen,2019-02,0,2019-02-10,28,0.0,280.0,0.0,,10.0
ayurveda behandlungen,2019-02,0,2019-02-17,28,0.0,280.0,0.0,,10.0
ayurveda behandlungen,2019-02,0,2019-02-24,28,0.0,280.0,0.0,,10.0
ayurveda behandlungen,2019-03,0,2019-03-03,0,,0.0,,,10.0
ayurveda behandlungen,2019-03,0,2019-03-10,0,,0.0,,,10.0
ayurveda behandlungen,2019-03,0,2019-03-17,0,,0.0,,,10.0
ayurveda behandlungen,2019-03,0,2019-03-24,0,,0.0,,,10.0
ayurveda behandlungen,2019-03,0,2019-03-31,0,,0.0,,,10.0
ayurveda behandlungen,2019-04,33,2019-04-07,89,0.3707865168539326,890.0,330.0,,10.0
ayurveda behandlungen,2019-04,0,2019-04-14,89,0.0,890.0,0.0,,10.0
ayurveda behandlungen,2019-04,56,2019-04-21,89,0.6292134831460674,890.0,560.0,,10.0
ayurveda behandlungen,2019-04,0,2019-04-28,89,0.0,890.0,0.0,,10.0
ayurveda behandlungen,2019-05,0,2019-05-05,88,0.0,880.0,0.0,,10.0
ayurveda behandlungen,2019-05,0,2019-05-12,88,0.0,880.0,0.0,,10.0
ayurveda behandlungen,2019-05,29,2019-05-19,88,0.32954545454545453,880.0,290.0,,10.0
ayurveda behandlungen,2019-05,59,2019-05-26,88,0.6704545454545454,880.0,590.0,,10.0
ayurveda behandlungen,2019-06,0,2019-06-02,0,,0.0,,,10.0
ayurveda behandlungen,2019-06,0,2019-06-09,0,,0.0,,,10.0
ayurveda behandlungen,2019-06,0,2019-06-16,0,,0.0,,,10.0
ayurveda behandlungen,2019-06,0,2019-06-23,0,,0.0,,,10.0
ayurveda behandlungen,2019-06,0,2019-06-30,0,,0.0,,,10.0
ayurveda behandlungen,2019-07,0,2019-07-07,27,0.0,270.0,0.0,,10.0
ayurveda behandlungen,2019-07,27,2019-07-14,27,1.0,270.0,270.0,,10.0
ayurveda behandlungen,2019-07,0,2019-07-21,27,0.0,270.0,0.0,,10.0
ayurveda behandlungen,2019-07,0,2019-07-28,27,0.0,270.0,0.0,,10.0
ayurveda behandlungen,2019-08,0,2019-08-04,0,,0.0,,,10.0
ayurveda behandlungen,2019-08,0,2019-08-11,0,,0.0,,,10.0
ayurveda behandlungen,2019-08,0,2019-08-18,0,,0.0,,,10.0
ayurveda behandlungen,2019-08,0,2019-08-25,0,,0.0,,,10.0
ayurveda behandlungen,2019-09,0,2019-09-01,0,,0.0,,,10.0
ayurveda behandlungen,2019-09,0,2019-09-08,0,,0.0,,,10.0
ayurveda behandlungen,2019-09,0,2019-09-15,0,,0.0,,,10.0
ayurveda behandlungen,2019-09,0,2019-09-22,0,,0.0,,,10.0
ayurveda behandlungen,2019-09,0,2019-09-29,0,,0.0,,,10.0
ayurveda behandlungen,2019-10,0,2019-10-06,23,0.0,230.0,0.0,,10.0
ayurveda behandlungen,2019-10,0,2019-10-13,23,0.0,230.0,0.0,,10.0
ayurveda behandlungen,2019-10,0,2019-10-20,23,0.0,230.0,0.0,,10.0
ayurveda behandlungen,2019-10,23,2019-10-27,23,1.0,230.0,230.0,,10.0
ayurveda behandlungen,2019-11,0,2019-11-03,0,,0.0,,,10.0
ayurveda behandlungen,2019-11,0,2019-11-10,0,,0.0,,,10.0
ayurveda behandlungen,2019-11,0,2019-11-17,0,,0.0,,,10.0
ayurveda behandlungen,2019-11,0,2019-11-24,0,,0.0,,,10.0
ayurveda behandlungen,2019-12,50,2019-12-01,114,0.43859649122807015,1140.0,500.0,,10.0
ayurveda behandlungen,2019-12,27,2019-12-08,114,0.23684210526315788,1140.0,270.0,,10.0
ayurveda behandlungen,2019-12,0,2019-12-15,114,0.0,1140.0,0.0,,10.0
ayurveda behandlungen,2019-12,0,2019-12-22,114,0.0,1140.0,0.0,,10.0
ayurveda behandlungen,2019-12,37,2019-12-29,114,0.32456140350877194,1140.0,370.0,,10.0
ayurveda behandlungen,2020-01,0,2020-01-05,18,0.0,180.0,0.0,,10.0
ayurveda behandlungen,2020-01,0,2020-01-12,18,0.0,180.0,0.0,,10.0
ayurveda behandlungen,2020-01,0,2020-01-19,18,0.0,180.0,0.0,,10.0
ayurveda behandlungen,2020-01,18,2020-01-26,18,1.0,180.0,180.0,,10.0
ayurveda behandlungen,2020-02,0,2020-02-02,0,,0.0,,,10.0
ayurveda behandlungen,2020-02,0,2020-02-09,0,,0.0,,,10.0
ayurveda behandlungen,2020-02,0,2020-02-16,0,,0.0,,,10.0
ayurveda behandlungen,2020-02,0,2020-02-23,0,,0.0,,,10.0
ayurveda behandlungen,2020-03,30,2020-03-01,30,1.0,300.0,300.0,,10.0
ayurveda behandlungen,2020-03,0,2020-03-08,30,0.0,300.0,0.0,,10.0
ayurveda behandlungen,2020-03,0,2020-03-15,30,0.0,300.0,0.0,,10.0
ayurveda behandlungen,2020-03,0,2020-03-22,30,0.0,300.0,0.0,,10.0
ayurveda behandlungen,2020-03,0,2020-03-29,30,0.0,300.0,0.0,,10.0
ayurveda behandlungen,2020-04,0,2020-04-05,21,0.0,210.0,0.0,,10.0
ayurveda behandlungen,2020-04,21,2020-04-12,21,1.0,210.0,210.0,,10.0
ayurveda behandlungen,2020-04,0,2020-04-19,21,0.0,210.0,0.0,,10.0
ayurveda behandlungen,2020-04,0,2020-04-26,21,0.0,210.0,0.0,,10.0
ayurveda behandlungen,2020-05,0,2020-05-03,34,0.0,340.0,0.0,,10.0
ayurveda behandlungen,2020-05,0,2020-05-10,34,0.0,340.0,0.0,,10.0
ayurveda behandlungen,2020-05,34,2020-05-17,34,1.0,340.0,340.0,,10.0
ayurveda behandlungen,2020-05,0,2020-05-24,34,0.0,340.0,0.0,,10.0
ayurveda behandlungen,2020-05,0,2020-05-31,34,0.0,340.0,0.0,,10.0
ayurveda behandlungen,2020-06,0,2020-06-07,100,0.0,1000.0,0.0,,10.0
ayurveda behandlungen,2020-06,0,2020-06-14,100,0.0,1000.0,0.0,,10.0
ayurveda behandlungen,2020-06,100,2020-06-21,100,1.0,1000.0,1000.0,,10.0
ayurveda behandlungen,2020-06,0,2020-06-28,100,0.0,1000.0,0.0,,10.0
ayurveda behandlungen,2020-07,33,2020-07-05,60,0.55,600.0,330.0,,10.0
ayurveda behandlungen,2020-07,0,2020-07-12,60,0.0,600.0,0.0,,10.0
ayurveda behandlungen,2020-07,27,2020-07-19,60,0.45,600.0,270.0,,10.0
ayurveda behandlungen,2020-07,0,2020-07-26,60,0.0,600.0,0.0,,10.0
ayurveda behandlungen,2020-08,0,2020-08-02,25,0.0,250.0,0.0,,10.0
ayurveda behandlungen,2020-08,0,2020-08-09,25,0.0,250.0,0.0,,10.0
ayurveda behandlungen,2020-08,25,2020-08-16,25,1.0,250.0,250.0,,10.0
ayurveda behandlungen,2020-08,0,2020-08-23,25,0.0,250.0,0.0,,10.0
ayurveda behandlungen,2020-08,0,2020-08-30,25,0.0,250.0,0.0,,10.0
ayurveda behandlungen,2020-09,0,2020-09-06,29,0.0,290.0,0.0,,10.0
ayurveda behandlungen,2020-09,29,2020-09-13,29,1.0,290.0,290.0,,10.0
ayurveda behandlungen,2020-09,0,2020-09-20,29,0.0,290.0,0.0,,10.0
ayurveda behandlungen,2020-09,0,2020-09-27,29,0.0,290.0,0.0,,10.0
ayurveda behandlungen,2020-10,0,2020-10-04,0,,0.0,,,10.0
ayurveda behandlungen,2020-10,0,2020-10-11,0,,0.0,,,10.0
ayurveda behandlungen,2020-10,0,2020-10-18,0,,0.0,,,10.0
ayurveda behandlungen,2020-10,0,2020-10-25,0,,0.0,,,10.0
ayurveda behandlungen,2020-11,26,2020-11-01,80,0.325,800.0,260.0,,10.0
ayurveda behandlungen,2020-11,54,2020-11-08,80,0.675,800.0,540.0,,10.0
ayurveda behandlungen,2020-11,0,2020-11-15,80,0.0,800.0,0.0,,10.0
ayurveda behandlungen,2020-11,0,2020-11-22,80,0.0,800.0,0.0,,10.0
ayurveda behandlungen,2020-11,0,2020-11-29,80,0.0,800.0,0.0,,10.0
ayurveda behandlungen,2020-12,0,2020-12-06,0,,0.0,,,10.0
ayurveda behandlungen,2020-12,0,2020-12-13,0,,0.0,,,10.0
ayurveda behandlungen,2020-12,0,2020-12-20,0,,0.0,,,10.0
ayurveda behandlungen,2020-12,0,2020-12-27,0,,0.0,,,10.0
ayurveda behandlungen,2021-01,0,2021-01-03,0,,0.0,,,10.0
ayurveda behandlungen,2021-01,0,2021-01-10,0,,0.0,,,10.0
ayurveda behandlungen,2021-01,0,2021-01-17,0,,0.0,,,10.0
ayurveda behandlungen,2021-01,0,2021-01-24,0,,0.0,,,10.0
ayurveda behandlungen,2021-01,0,2021-01-31,0,,0.0,,,10.0
ayurveda behandlungen,2021-02,25,2021-02-07,25,1.0,250.0,250.0,,10.0
ayurveda behandlungen,2021-02,0,2021-02-14,25,0.0,250.0,0.0,,10.0
ayurveda behandlungen,2021-02,0,2021-02-21,25,0.0,250.0,0.0,,10.0
ayurveda behandlungen,2021-02,0,2021-02-28,25,0.0,250.0,0.0,,10.0
ayurveda behandlungen,2021-03,0,2021-03-07,0,,0.0,,,10.0
ayurveda behandlungen,2021-03,0,2021-03-14,0,,0.0,,,10.0
ayurveda behandlungen,2021-03,0,2021-03-21,0,,0.0,,,10.0
ayurveda behandlungen,2021-03,0,2021-03-28,0,,0.0,,,10.0
ayurveda behandlungen,2021-04,0,2021-04-04,19,0.0,190.0,0.0,,10.0
ayurveda behandlungen,2021-04,0,2021-04-11,19,0.0,190.0,0.0,,10.0
ayurveda behandlungen,2021-04,19,2021-04-18,19,1.0,190.0,190.0,,10.0
ayurveda behandlungen,2021-04,0,2021-04-25,19,0.0,190.0,0.0,,10.0
ayurveda behandlungen,2021-05,0,2021-05-02,74,0.0,740.0,0.0,,10.0
ayurveda behandlungen,2021-05,0,2021-05-09,74,0.0,740.0,0.0,,10.0
ayurveda behandlungen,2021-05,0,2021-05-16,74,0.0,740.0,0.0,,10.0
ayurveda behandlungen,2021-05,41,2021-05-23,74,0.5540540540540541,740.0,410.0,,10.0
ayurveda behandlungen,2021-05,33,2021-05-30,74,0.44594594594594594,740.0,330.0,,10.0
ayurveda behandlungen,2021-06,56,2021-06-06,85,0.6588235294117647,850.0,560.0,,10.0
ayurveda behandlungen,2021-06,0,2021-06-13,85,0.0,850.0,0.0,,10.0
ayurveda behandlungen,2021-06,0,2021-06-20,85,0.0,850.0,0.0,,10.0
ayurveda behandlungen,2021-06,29,2021-06-27,85,0.3411764705882353,850.0,290.0,,10.0
ayurveda behandlungen,2021-07,46,2021-07-04,135,0.34074074074074073,1350.0,460.0,,10.0
ayurveda behandlungen,2021-07,31,2021-07-11,135,0.22962962962962963,1350.0,310.0,,10.0
ayurveda behandlungen,2021-07,58,2021-07-18,135,0.42962962962962964,1350.0,580.0,,10.0
ayurveda behandlungen,2021-07,0,2021-07-25,135,0.0,1350.0,0.0,,10.0
ayurveda behandlungen,2021-08,0,2021-08-01,30,0.0,300.0,0.0,,10.0
ayurveda behandlungen,2021-08,30,2021-08-08,30,1.0,300.0,300.0,,10.0
ayurveda behandlungen,2021-08,0,2021-08-15,30,0.0,300.0,0.0,,10.0
ayurveda behandlungen,2021-08,0,2021-08-22,30,0.0,300.0,0.0,,10.0
ayurveda behandlungen,2021-08,0,2021-08-29,30,0.0,300.0,0.0,,10.0
ayurveda behandlungen,2021-09,25,2021-09-05,102,0.24509803921568626,1020.0,250.0,,10.0
ayurveda behandlungen,2021-09,42,2021-09-12,102,0.4117647058823529,1020.0,420.0,,10.0
ayurveda behandlungen,2021-09,0,2021-09-19,102,0.0,1020.0,0.0,,10.0
ayurveda behandlungen,2021-09,35,2021-09-26,102,0.3431372549019608,1020.0,350.0,,10.0
ayurveda behandlungen,2021-10,0,2021-10-03,60,0.0,600.0,0.0,,10.0
ayurveda behandlungen,2021-10,60,2021-10-10,60,1.0,600.0,600.0,,10.0
ayurveda behandlungen,2021-10,0,2021-10-17,60,0.0,600.0,0.0,,10.0
ayurveda behandlungen,2021-10,0,2021-10-24,60,0.0,600.0,0.0,,10.0
ayurveda behandlungen,2021-10,0,2021-10-31,60,0.0,600.0,0.0,,10.0
ayurveda behandlungen,2021-11,40,2021-11-07,40,1.0,400.0,400.0,,10.0
ayurveda behandlungen,2021-11,0,2021-11-14,40,0.0,400.0,0.0,,10.0
ayurveda behandlungen,2021-11,0,2021-11-21,40,0.0,400.0,0.0,,10.0
ayurveda behandlungen,2021-11,0,2021-11-28,40,0.0,400.0,0.0,,10.0
ayurveda behandlungen,2021-12,26,2021-12-05,26,1.0,260.0,260.0,,10.0
ayurveda behandlungen,2021-12,0,2021-12-12,26,0.0,260.0,0.0,,10.0
ayurveda behandlungen,2021-12,0,2021-12-19,26,0.0,260.0,0.0,,10.0
ayurveda behandlungen,2021-12,0,2021-12-26,26,0.0,260.0,0.0,,10.0
ayurveda behandlungen,2022-01,0,2022-01-02,122,0.0,1220.0,0.0,,10.0
ayurveda behandlungen,2022-01,94,2022-01-09,122,0.7704918032786885,1220.0,940.0,,10.0
ayurveda behandlungen,2022-01,28,2022-01-16,122,0.22950819672131148,1220.0,280.0,,10.0
ayurveda behandlungen,2022-01,0,2022-01-23,122,0.0,1220.0,0.0,,10.0
ayurveda behandlungen,2022-01,0,2022-01-30,122,0.0,1220.0,0.0,,10.0
ayurveda behandlungen,2022-02,0,2022-02-06,50,0.0,500.0,0.0,,10.0
ayurveda behandlungen,2022-02,0,2022-02-13,50,0.0,500.0,0.0,,10.0
ayurveda behandlungen,2022-02,50,2022-02-20,50,1.0,500.0,500.0,,10.0
ayurveda behandlungen,2022-02,0,2022-02-27,50,0.0,500.0,0.0,,10.0
ayurveda behandlungen,2022-03,0,2022-03-06,0,,0.0,,,10.0
ayurveda behandlungen,2022-03,0,2022-03-13,0,,0.0,,,10.0
ayurveda behandlungen,2022-03,0,2022-03-20,0,,0.0,,,10.0
ayurveda behandlungen,2022-03,0,2022-03-27,0,,0.0,,,10.0
ayurveda behandlungen,2022-04,0,2022-04-03,123,0.0,1230.0,0.0,,10.0
ayurveda behandlungen,2022-04,24,2022-04-10,123,0.1951219512195122,1230.0,240.0,,10.0
ayurveda behandlungen,2022-04,0,2022-04-17,123,0.0,1230.0,0.0,,10.0
ayurveda behandlungen,2022-04,99,2022-04-24,123,0.8048780487804879,1230.0,990.0000000000001,,10.0
ayurveda behandlungen,2022-05,0,2022-05-01,40,0.0,400.0,0.0,,10.0
ayurveda behandlungen,2022-05,0,2022-05-08,40,0.0,400.0,0.0,,10.0
ayurveda behandlungen,2022-05,40,2022-05-15,40,1.0,400.0,400.0,,10.0
ayurveda behandlungen,2022-05,0,2022-05-22,40,0.0,400.0,0.0,,10.0
ayurveda behandlungen,2022-05,0,2022-05-29,40,0.0,400.0,0.0,,10.0
ayurveda behandlungen,2022-06,0,2022-06-05,0,,0.0,,,10.0
ayurveda behandlungen,2022-06,0,2022-06-12,0,,0.0,,,10.0
ayurveda behandlungen,2022-06,0,2022-06-19,0,,0.0,,,10.0
ayurveda behandlungen,2022-06,0,2022-06-26,0,,0.0,,,10.0
ayurveda behandlungen,2022-07,0,2022-07-03,59,0.0,590.0,0.0,,10.0
ayurveda behandlungen,2022-07,38,2022-07-10,59,0.6440677966101694,590.0,379.99999999999994,,10.0
ayurveda behandlungen,2022-07,21,2022-07-17,59,0.3559322033898305,590.0,210.0,,10.0
ayurveda behandlungen,2022-07,0,2022-07-24,59,0.0,590.0,0.0,,10.0
ayurveda behandlungen,2022-07,0,2022-07-31,59,0.0,590.0,0.0,,10.0
ayurveda behandlungen,2022-08,0,2022-08-07,0,,0.0,,,10.0
ayurveda behandlungen,2022-08,0,2022-08-14,0,,0.0,,,10.0
ayurveda behandlungen,2022-08,0,2022-08-21,0,,0.0,,,10.0
ayurveda behandlungen,2022-08,0,2022-08-28,0,,0.0,,,10.0
ayurveda behandlungen,2022-09,0,2022-09-04,0,,0.0,,,10.0
ayurveda behandlungen,2022-09,0,2022-09-11,0,,0.0,,,10.0
ayurveda behandlungen,2022-09,0,2022-09-18,0,,0.0,,,10.0
ayurveda behandlungen,2022-09,0,2022-09-25,0,,0.0,,,10.0
ayurveda behandlungen,2022-10,0,2022-10-02,75,0.0,320.0,0.0,4.266666666666667,10.0
ayurveda behandlungen,2022-10,31,2022-10-09,75,0.41333333333333333,320.0,132.26666666666665,4.266666666666667,10.0
ayurveda behandlungen,2022-10,0,2022-10-16,75,0.0,320.0,0.0,4.266666666666667,10.0
ayurveda behandlungen,2022-10,0,2022-10-23,75,0.0,320.0,0.0,4.266666666666667,10.0
ayurveda behandlungen,2022-10,44,2022-10-30,75,0.5866666666666667,320.0,187.73333333333335,4.266666666666667,10.0
ayurveda behandlungen,2022-11,0,2022-11-06,0,,320.0,,inf,10.0
ayurveda behandlungen,2022-11,0,2022-11-13,0,,320.0,,inf,10.0
ayurveda behandlungen,2022-11,0,2022-11-20,0,,320.0,,inf,10.0
ayurveda behandlungen,2022-11,0,2022-11-27,0,,320.0,,inf,10.0
ayurveda behandlungen,2022-12,0,2022-12-04,25,0.0,320.0,0.0,12.8,10.0
ayurveda behandlungen,2022-12,0,2022-12-11,25,0.0,320.0,0.0,12.8,10.0
ayurveda behandlungen,2022-12,0,2022-12-18,25,0.0,320.0,0.0,12.8,10.0
ayurveda behandlungen,2022-12,25,2022-12-25,25,1.0,320.0,320.0,12.8,10.0
ayurveda behandlungen,2023-01,0,2023-01-01,50,0.0,390.0,0.0,7.8,10.0
ayurveda behandlungen,2023-01,0,2023-01-08,50,0.0,390.0,0.0,7.8,10.0
ayurveda behandlungen,2023-01,50,2023-01-15,50,1.0,390.0,390.0,7.8,10.0
ayurveda behandlungen,2023-01,0,2023-01-22,50,0.0,390.0,0.0,7.8,10.0
ayurveda behandlungen,2023-01,0,2023-01-29,50,0.0,390.0,0.0,7.8,10.0
ayurveda behandlungen,2023-02,0,2023-02-05,39,0.0,320.0,0.0,8.205128205128204,10.0
ayurveda behandlungen,2023-02,0,2023-02-12,39,0.0,320.0,0.0,8.205128205128204,10.0
ayurveda behandlungen,2023-02,0,2023-02-19,39,0.0,320.0,0.0,8.205128205128204,10.0
ayurveda behandlungen,2023-02,39,2023-02-26,39,1.0,320.0,320.0,8.205128205128204,10.0
ayurveda behandlungen,2023-03,0,2023-03-05,25,0.0,390.0,0.0,15.6,10.0
ayurveda behandlungen,2023-03,25,2023-03-12,25,1.0,390.0,390.0,15.6,10.0
ayurveda behandlungen,2023-03,0,2023-03-19,25,0.0,390.0,0.0,15.6,10.0
ayurveda behandlungen,2023-03,0,2023-03-26,25,0.0,390.0,0.0,15.6,10.0
ayurveda behandlungen,2023-04,0,2023-04-02,65,0.0,260.0,0.0,4.0,10.0
ayurveda behandlungen,2023-04,0,2023-04-09,65,0.0,260.0,0.0,4.0,10.0
ayurveda behandlungen,2023-04,43,2023-04-16,65,0.6615384615384615,260.0,172.0,4.0,10.0
ayurveda behandlungen,2023-04,22,2023-04-23,65,0.3384615384615385,260.0,88.0,4.0,10.0
ayurveda behandlungen,2023-04,0,2023-04-30,65,0.0,260.0,0.0,4.0,10.0
ayurveda behandlungen,2023-05,0,2023-05-07,0,,260.0,,inf,10.0
ayurveda behandlungen,2023-05,0,2023-05-14,0,,260.0,,inf,10.0
ayurveda behandlungen,2023-05,0,2023-05-21,0,,260.0,,inf,10.0
ayurveda behandlungen,2023-05,0,2023-05-28,0,,260.0,,inf,10.0
ayurveda behandlungen,2023-06,0,2023-06-04,21,0.0,210.0,0.0,10.0,10.0
ayurveda behandlungen,2023-06,0,2023-06-11,21,0.0,210.0,0.0,10.0,10.0
ayurveda behandlungen,2023-06,21,2023-06-18,21,1.0,210.0,210.0,10.0,10.0
ayurveda behandlungen,2023-06,0,2023-06-25,21,0.0,210.0,0.0,10.0,10.0
ayurveda behandlungen,2023-07,0,2023-07-02,28,0.0,390.0,0.0,13.928571428571429,10.0
ayurveda behandlungen,2023-07,0,2023-07-09,28,0.0,390.0,0.0,13.928571428571429,10.0
ayurveda behandlungen,2023-07,28,2023-07-16,28,1.0,390.0,390.0,13.928571428571429,10.0
ayurveda behandlungen,2023-07,0,2023-07-23,28,0.0,390.0,0.0,13.928571428571429,10.0
ayurveda behandlungen,2023-07,0,2023-07-30,28,0.0,390.0,0.0,13.928571428571429,10.0
ayurveda behandlungen,2023-08,0,2023-08-06,0,,320.0,,inf,10.0
ayurveda behandlungen,2023-08,0,2023-08-13,0,,320.0,,inf,10.0
ayurveda behandlungen,2023-08,0,2023-08-20,0,,320.0,,inf,10.0
ayurveda behandlungen,2023-08,0,2023-08-27,0,,320.0,,inf,10.0
ayurveda behandlungen,2023-09,0,2023-09-03,36,0.0,260.0,0.0,7.222222222222222,10.0
ayurveda behandlungen,2023-09,0,2023-09-10,36,0.0,260.0,0.0,7.222222222222222,10.0
ayurveda behandlungen,2023-09,0,2023-09-17,36,0.0,260.0,0.0,7.222222222222222,10.0
ayurveda behandlungen,2023-09,36,2023-09-24,36,1.0,260.0,260.0,7.222222222222222,10.0
ayurveda behandlungen,2023-10,0,2023-10-01,0,,0.0,,,10.0
ayurveda therapeut,2018-10,0,2018-10-14,0,,0.0,,,4.117647058823529
ayurveda therapeut,2018-10,0,2018-10-21,0,,0.0,,,4.117647058823529
ayurveda therapeut,2018-10,0,2018-10-28,0,,0.0,,,4.117647058823529
ayurveda therapeut,2018-11,26,2018-11-04,57,0.45614035087719296,234.70588235294116,107.05882352941175,,4.117647058823529
ayurveda therapeut,2018-11,0,2018-11-11,57,0.0,234.70588235294116,0.0,,4.117647058823529
ayurveda therapeut,2018-11,0,2018-11-18,57,0.0,234.70588235294116,0.0,,4.117647058823529
ayurveda therapeut,2018-11,31,2018-11-25,57,0.543859649122807,234.70588235294116,127.6470588235294,,4.117647058823529
ayurveda therapeut,2018-12,18,2018-12-02,65,0.27692307692307694,267.6470588235294,74.11764705882352,,4.117647058823529
ayurveda therapeut,2018-12,0,2018-12-09,65,0.0,267.6470588235294,0.0,,4.117647058823529
ayurveda therapeut,2018-12,0,2018-12-16,65,0.0,267.6470588235294,0.0,,4.117647058823529
ayurveda therapeut,2018-12,0,2018-12-23,65,0.0,267.6470588235294,0.0,,4.117647058823529
ayurveda therapeut,2018-12,47,2018-12-30,65,0.7230769230769231,267.6470588235294,193.52941176470586,,4.117647058823529
ayurveda therapeut,2019-01,0,2019-01-06,34,0.0,140.0,0.0,,4.117647058823529
ayurveda therapeut,2019-01,34,2019-01-13,34,1.0,140.0,140.0,,4.117647058823529
ayurveda therapeut,2019-01,0,2019-01-20,34,0.0,140.0,0.0,,4.117647058823529
ayurveda therapeut,2019-01,0,2019-01-27,34,0.0,140.0,0.0,,4.117647058823529
ayurveda therapeut,2019-02,0,2019-02-03,0,,0.0,,,4.117647058823529
ayurveda therapeut,2019-02,0,2019-02-10,0,,0.0,,,4.117647058823529
ayurveda therapeut,2019-02,0,2019-02-17,0,,0.0,,,4.117647058823529
ayurveda therapeut,2019-02,0,2019-02-24,0,,0.0,,,4.117647058823529
ayurveda therapeut,2019-03,20,2019-03-03,90,0.2222222222222222,370.5882352941176,82.35294117647058,,4.117647058823529
ayurveda therapeut,2019-03,27,2019-03-10,90,0.3,370.5882352941176,111.17647058823529,,4.117647058823529
ayurveda therapeut,2019-03,0,2019-03-17,90,0.0,370.5882352941176,0.0,,4.117647058823529
ayurveda therapeut,2019-03,43,2019-03-24,90,0.4777777777777778,370.5882352941176,177.05882352941177,,4.117647058823529
ayurveda therapeut,2019-03,0,2019-03-31,90,0.0,370.5882352941176,0.0,,4.117647058823529
ayurveda therapeut,2019-04,0,2019-04-07,0,,0.0,,,4.117647058823529
ayurveda therapeut,2019-04,0,2019-04-14,0,,0.0,,,4.117647058823529
ayurveda therapeut,2019-04,0,2019-04-21,0,,0.0,,,4.117647058823529
ayurveda therapeut,2019-04,0,2019-04-28,0,,0.0,,,4.117647058823529
ayurveda therapeut,2019-05,0,2019-05-05,57,0.0,234.70588235294116,0.0,,4.117647058823529
ayurveda therapeut,2019-05,0,2019-05-12,57,0.0,234.70588235294116,0.0,,4.117647058823529
ayurveda therapeut,2019-05,0,2019-05-19,57,0.0,234.70588235294116,0.0,,4.117647058823529
ayurveda therapeut,2019-05,57,2019-05-26,57,1.0,234.70588235294116,234.70588235294116,,4.117647058823529
ayurveda therapeut,2019-06,22,2019-06-02,41,0.5365853658536586,168.8235294117647,90.58823529411765,,4.117647058823529
ayurveda therapeut,2019-06,0,2019-06-09,41,0.0,168.8235294117647,0.0,,4.117647058823529
ayurveda therapeut,2019-06,0,2019-06-16,41,0.0,168.8235294117647,0.0,,4.117647058823529
ayurveda therapeut,2019-06,19,2019-06-23,41,0.4634146341463415,168.8235294117647,78.23529411764706,,4.117647058823529
ayurveda therapeut,2019-06,0,2019-06-30,41,0.0,168.8235294117647,0.0,,4.117647058823529
ayurveda therapeut,2019-07,0,2019-07-07,0,,0.0,,,4.117647058823529
ayurveda therapeut,2019-07,0,2019-07-14,0,,0.0,,,4.117647058823529
ayurveda therapeut,2019-07,0,2019-07-21,0,,0.0,,,4.117647058823529
ayurveda therapeut,2019-07,0,2019-07-28,0,,0.0,,,4.117647058823529
ayurveda therapeut,2019-08,36,2019-08-04,36,1.0,148.23529411764704,148.23529411764704,,4.117647058823529
ayurveda therapeut,2019-08,0,2019-08-11,36,0.0,148.23529411764704,0.0,,4.117647058823529
ayurveda therapeut,2019-08,0,2019-08-18,36,0.0,148.23529411764704,0.0,,4.117647058823529
ayurveda therapeut,2019-08,0,2019-08-25,36,0.0,148.23529411764704,0.0,,4.117647058823529
ayurveda therapeut,2019-09,0,2019-09-01,45,0.0,185.2941176470588,0.0,,4.117647058823529
ayurveda therapeut,2019-09,25,2019-09-08,45,0.5555555555555556,185.2941176470588,102.94117647058823,,4.117647058823529
ayurveda therapeut,2019-09,0,2019-09-15,45,0.0,185.2941176470588,0.0,,4.117647058823529
ayurveda therapeut,2019-09,0,2019-09-22,45,0.0,185.2941176470588,0.0,,4.117647058823529
ayurveda therapeut,2019-09,20,2019-09-29,45,0.4444444444444444,185.2941176470588,82.35294117647058,,4.117647058823529
ayurveda therapeut,2019-10,0,2019-10-06,24,0.0,98.8235294117647,0.0,,4.117647058823529
ayurveda therapeut,2019-10,0,2019-10-13,24,0.0,98.8235294117647,0.0,,4.117647058823529
ayurveda therapeut,2019-10,24,2019-10-20,24,1.0,98.8235294117647,98.8235294117647,,4.117647058823529
ayurveda therapeut,2019-10,0,2019-10-27,24,0.0,98.8235294117647,0.0,,4.117647058823529
ayurveda therapeut,2019-11,26,2019-11-03,71,0.36619718309859156,292.35294117647055,107.05882352941175,,4.117647058823529
ayurveda therapeut,2019-11,22,2019-11-10,71,0.30985915492957744,292.35294117647055,90.58823529411762,,4.117647058823529
ayurveda therapeut,2019-11,23,2019-11-17,71,0.323943661971831,292.35294117647055,94.70588235294117,,4.117647058823529
ayurveda therapeut,2019-11,0,2019-11-24,71,0.0,292.35294117647055,0.0,,4.117647058823529
ayurveda therapeut,2019-12,0,2019-12-01,30,0.0,123.52941176470587,0.0,,4.117647058823529
ayurveda therapeut,2019-12,0,2019-12-08,30,0.0,123.52941176470587,0.0,,4.117647058823529
ayurveda therapeut,2019-12,0,2019-12-15,30,0.0,123.52941176470587,0.0,,4.117647058823529
ayurveda therapeut,2019-12,0,2019-12-22,30,0.0,123.52941176470587,0.0,,4.117647058823529
ayurveda therapeut,2019-12,30,2019-12-29,30,1.0,123.52941176470587,123.52941176470587,,4.117647058823529
ayurveda therapeut,2020-01,0,2020-01-05,0,,0.0,,,4.117647058823529
ayurveda therapeut,2020-01,0,2020-01-12,0,,0.0,,,4.117647058823529
ayurveda therapeut,2020-01,0,2020-01-19,0,,0.0,,,4.117647058823529
ayurveda therapeut,2020-01,0,2020-01-26,0,,0.0,,,4.117647058823529
ayurveda therapeut,2020-02,0,2020-02-02,0,,0.0,,,4.117647058823529
ayurveda therapeut,2020-02,0,2020-02-09,0,,0.0,,,4.117647058823529
ayurveda therapeut,2020-02,0,2020-02-16,0,,0.0,,,4.117647058823529
ayurveda therapeut,2020-02,0,2020-02-23,0,,0.0,,,4.117647058823529
ayurveda therapeut,2020-03,0,2020-03-01,0,,0.0,,,4.117647058823529
ayurveda therapeut,2020-03,0,2020-03-08,0,,0.0,,,4.117647058823529
ayurveda therapeut,2020-03,0,2020-03-15,0,,0.0,,,4.117647058823529
ayurveda therapeut,2020-03,0,2020-03-22,0,,0.0,,,4.117647058823529
ayurveda therapeut,2020-03,0,2020-03-29,0,,0.0,,,4.117647058823529
ayurveda therapeut,2020-04,46,2020-04-05,93,0.4946236559139785,382.9411764705882,189.41176470588232,,4.117647058823529
ayurveda therapeut,2020-04,27,2020-04-12,93,0.2903225806451613,382.9411764705882,111.17647058823529,,4.117647058823529
ayurveda therapeut,2020-04,20,2020-04-19,93,0.21505376344086022,382.9411764705882,82.35294117647058,,4.117647058823529
ayurveda therapeut,2020-04,0,2020-04-26,93,0.0,382.9411764705882,0.0,,4.117647058823529
ayurveda therapeut,2020-05,0,2020-05-03,30,0.0,123.52941176470587,0.0,,4.117647058823529
ayurveda therapeut,2020-05,0,2020-05-10,30,0.0,123.52941176470587,0.0,,4.117647058823529
ayurveda therapeut,2020-05,0,2020-05-17,30,0.0,123.52941176470587,0.0,,4.117647058823529
ayurveda therapeut,2020-05,30,2020-05-24,30,1.0,123.52941176470587,123.52941176470587,,4.117647058823529
ayurveda therapeut,2020-05,0,2020-05-31,30,0.0,123.52941176470587,0.0,,4.117647058823529
ayurveda therapeut,2020-06,0,2020-06-07,0,,0.0,,,4.117647058823529
ayurveda therapeut,2020-06,0,2020-06-14,0,,0.0,,,4.117647058823529
ayurveda therapeut,2020-06,0,2020-06-21,0,,0.0,,,4.117647058823529
ayurveda therapeut,2020-06,0,2020-06-28,0,,0.0,,,4.117647058823529
ayurveda therapeut,2020-07,0,2020-07-05,22,0.0,90.58823529411764,0.0,,4.117647058823529
ayurveda therapeut,2020-07,22,2020-07-12,22,1.0,90.58823529411764,90.58823529411764,,4.117647058823529
ayurveda therapeut,2020-07,0,2020-07-19,22,0.0,90.58823529411764,0.0,,4.117647058823529
ayurveda therapeut,2020-07,0,2020-07-26,22,0.0,90.58823529411764,0.0,,4.117647058823529
ayurveda therapeut,2020-08,0,2020-08-02,41,0.0,168.8235294117647,0.0,,4.117647058823529
ayurveda therapeut,2020-08,0,2020-08-09,41,0.0,168.8235294117647,0.0,,4.117647058823529
ayurveda therapeut,2020-08,0,2020-08-16,41,0.0,168.8235294117647,0.0,,4.117647058823529
ayurveda therapeut,2020-08,17,2020-08-23,41,0.4146341463414634,168.8235294117647,69.99999999999999,,4.117647058823529
ayurveda therapeut,2020-08,24,2020-08-30,41,0.5853658536585366,168.8235294117647,98.8235294117647,,4.117647058823529
ayurveda therapeut,2020-09,0,2020-09-06,0,,0.0,,,4.117647058823529
ayurveda therapeut,2020-09,0,2020-09-13,0,,0.0,,,4.117647058823529
ayurveda therapeut,2020-09,0,2020-09-20,0,,0.0,,,4.117647058823529
ayurveda therapeut,2020-09,0,2020-09-27,0,,0.0,,,4.117647058823529
ayurveda therapeut,2020-10,32,2020-10-04,72,0.4444444444444444,296.4705882352941,131.76470588235293,,4.117647058823529
ayurveda therapeut,2020-10,0,2020-10-11,72,0.0,296.4705882352941,0.0,,4.117647058823529
ayurveda therapeut,2020-10,0,2020-10-18,72,0.0,296.4705882352941,0.0,,4.117647058823529
ayurveda therapeut,2020-10,40,2020-10-25,72,0.5555555555555556,296.4705882352941,164.70588235294116,,4.117647058823529
ayurveda therapeut,2020-11,35,2020-11-01,35,1.0,144.1176470588235,144.1176470588235,,4.117647058823529
ayurveda therapeut,2020-11,0,2020-11-08,35,0.0,144.1176470588235,0.0,,4.117647058823529
ayurveda therapeut,2020-11,0,2020-11-15,35,0.0,144.1176470588235,0.0,,4.117647058823529
ayurveda therapeut,2020-11,0,2020-11-22,35,0.0,144.1176470588235,0.0,,4.117647058823529
ayurveda therapeut,2020-11,0,2020-11-29,35,0.0,144.1176470588235,0.0,,4.117647058823529
ayurveda therapeut,2020-12,0,2020-12-06,15,0.0,61.764705882352935,0.0,,4.117647058823529
ayurveda therapeut,2020-12,0,2020-12-13,15,0.0,61.764705882352935,0.0,,4.117647058823529
ayurveda therapeut,2020-12,0,2020-12-20,15,0.0,61.764705882352935,0.0,,4.117647058823529
ayurveda therapeut,2020-12,15,2020-12-27,15,1.0,61.764705882352935,61.764705882352935,,4.117647058823529
ayurveda therapeut,2021-01,0,2021-01-03,0,,0.0,,,4.117647058823529
ayurveda therapeut,2021-01,0,2021-01-10,0,,0.0,,,4.117647058823529
ayurveda therapeut,2021-01,0,2021-01-17,0,,0.0,,,4.117647058823529
ayurveda therapeut,2021-01,0,2021-01-24,0,,0.0,,,4.117647058823529
ayurveda therapeut,2021-01,0,2021-01-31,0,,0.0,,,4.117647058823529
ayurveda therapeut,2021-02,22,2021-02-07,22,1.0,90.58823529411764,90.58823529411764,,4.117647058823529
ayurveda therapeut,2021-02,0,2021-02-14,22,0.0,90.58823529411764,0.0,,4.117647058823529
ayurveda therapeut,2021-02,0,2021-02-21,22,0.0,90.58823529411764,0.0,,4.117647058823529
ayurveda therapeut,2021-02,0,2021-02-28,22,0.0,90.58823529411764,0.0,,4.117647058823529
ayurveda therapeut,2021-03,0,2021-03-07,48,0.0,197.6470588235294,0.0,,4.117647058823529
ayurveda therapeut,2021-03,0,2021-03-14,48,0.0,197.6470588235294,0.0,,4.117647058823529
ayurveda therapeut,2021-03,21,2021-03-21,48,0.4375,197.6470588235294,86.47058823529412,,4.117647058823529
ayurveda therapeut,2021-03,27,2021-03-28,48,0.5625,197.6470588235294,111.17647058823528,,4.117647058823529
ayurveda therapeut,2021-04,22,2021-04-04,68,0.3235294117647059,280.0,90.58823529411765,,4.117647058823529
ayurveda therapeut,2021-04,22,2021-04-11,68,0.3235294117647059,280.0,90.58823529411765,,4.117647058823529
ayurveda therapeut,2021-04,24,2021-04-18,68,0.35294117647058826,280.0,98.82352941176471,,4.117647058823529
ayurveda therapeut,2021-04,0,2021-04-25,68,0.0,280.0,0.0,,4.117647058823529
ayurveda therapeut,2021-05,0,2021-05-02,68,0.0,280.0,0.0,,4.117647058823529
ayurveda therapeut,2021-05,28,2021-05-09,68,0.4117647058823529,280.0,115.29411764705881,,4.117647058823529
ayurveda therapeut,2021-05,40,2021-05-16,68,0.5882352941176471,280.0,164.7058823529412,,4.117647058823529
ayurveda therapeut,2021-05,0,2021-05-23,68,0.0,280.0,0.0,,4.117647058823529
ayurveda therapeut,2021-05,0,2021-05-30,68,0.0,280.0,0.0,,4.117647058823529
ayurveda therapeut,2021-06,0,2021-06-06,111,0.0,457.0588235294117,0.0,,4.117647058823529
ayurveda therapeut,2021-06,40,2021-06-13,111,0.36036036036036034,457.0588235294117,164.70588235294116,,4.117647058823529
ayurveda therapeut,2021-06,21,2021-06-20,111,0.1891891891891892,457.0588235294117,86.47058823529412,,4.117647058823529
ayurveda therapeut,2021-06,50,2021-06-27,111,0.45045045045045046,457.0588235294117,205.88235294117644,,4.117647058823529
ayurveda therapeut,2021-07,0,2021-07-04,0,,0.0,,,4.117647058823529
ayurveda therapeut,2021-07,0,2021-07-11,0,,0.0,,,4.117647058823529
ayurveda therapeut,2021-07,0,2021-07-18,0,,0.0,,,4.117647058823529
ayurveda therapeut,2021-07,0,2021-07-25,0,,0.0,,,4.117647058823529
ayurveda therapeut,2021-08,0,2021-08-01,0,,0.0,,,4.117647058823529
ayurveda therapeut,2021-08,0,2021-08-08,0,,0.0,,,4.117647058823529
ayurveda therapeut,2021-08,0,2021-08-15,0,,0.0,,,4.117647058823529
ayurveda therapeut,2021-08,0,2021-08-22,0,,0.0,,,4.117647058823529
ayurveda therapeut,2021-08,0,2021-08-29,0,,0.0,,,4.117647058823529
ayurveda therapeut,2021-09,25,2021-09-05,25,1.0,102.94117647058823,102.94117647058823,,4.117647058823529
ayurveda therapeut,2021-09,0,2021-09-12,25,0.0,102.94117647058823,0.0,,4.117647058823529
ayurveda therapeut,2021-09,0,2021-09-19,25,0.0,102.94117647058823,0.0,,4.117647058823529
ayurveda therapeut,2021-09,0,2021-09-26,25,0.0,102.94117647058823,0.0,,4.117647058823529
ayurveda therapeut,2021-10,0,2021-10-03,22,0.0,90.58823529411764,0.0,,4.117647058823529
ayurveda therapeut,2021-10,0,2021-10-10,22,0.0,90.58823529411764,0.0,,4.117647058823529
ayurveda therapeut,2021-10,0,2021-10-17,22,0.0,90.58823529411764,0.0,,4.117647058823529
ayurveda therapeut,2021-10,0,2021-10-24,22,0.0,90.58823529411764,0.0,,4.117647058823529
ayurveda therapeut,2021-10,22,2021-10-31,22,1.0,90.58823529411764,90.58823529411764,,4.117647058823529
ayurveda therapeut,2021-11,0,2021-11-07,22,0.0,90.58823529411764,0.0,,4.117647058823529
ayurveda therapeut,2021-11,0,2021-11-14,22,0.0,90.58823529411764,0.0,,4.117647058823529
ayurveda therapeut,2021-11,0,2021-11-21,22,0.0,90.58823529411764,0.0,,4.117647058823529
ayurveda therapeut,2021-11,22,2021-11-28,22,1.0,90.58823529411764,90.58823529411764,,4.117647058823529
ayurveda therapeut,2021-12,0,2021-12-05,22,0.0,90.58823529411764,0.0,,4.117647058823529
ayurveda therapeut,2021-12,0,2021-12-12,22,0.0,90.58823529411764,0.0,,4.117647058823529
ayurveda therapeut,2021-12,22,2021-12-19,22,1.0,90.58823529411764,90.58823529411764,,4.117647058823529
ayurveda therapeut,2021-12,0,2021-12-26,22,0.0,90.58823529411764,0.0,,4.117647058823529
ayurveda therapeut,2022-01,42,2022-01-02,70,0.6,288.235294117647,172.9411764705882,,4.117647058823529
ayurveda therapeut,2022-01,0,2022-01-09,70,0.0,288.235294117647,0.0,,4.117647058823529
ayurveda therapeut,2022-01,28,2022-01-16,70,0.4,288.235294117647,115.29411764705881,,4.117647058823529
ayurveda therapeut,2022-01,0,2022-01-23,70,0.0,288.235294117647,0.0,,4.117647058823529
ayurveda therapeut,2022-01,0,2022-01-30,70,0.0,288.235294117647,0.0,,4.117647058823529
ayurveda therapeut,2022-02,0,2022-02-06,39,0.0,160.58823529411762,0.0,,4.117647058823529
ayurveda therapeut,2022-02,39,2022-02-13,39,1.0,160.58823529411762,160.58823529411762,,4.117647058823529
ayurveda therapeut,2022-02,0,2022-02-20,39,0.0,160.58823529411762,0.0,,4.117647058823529
ayurveda therapeut,2022-02,0,2022-02-27,39,0.0,160.58823529411762,0.0,,4.117647058823529
ayurveda therapeut,2022-03,0,2022-03-06,0,,0.0,,,4.117647058823529
ayurveda therapeut,2022-03,0,2022-03-13,0,,0.0,,,4.117647058823529
ayurveda therapeut,2022-03,0,2022-03-20,0,,0.0,,,4.117647058823529
ayurveda therapeut,2022-03,0,2022-03-27,0,,0.0,,,4.117647058823529
ayurveda therapeut,2022-04,15,2022-04-03,115,0.13043478260869565,473.52941176470586,61.764705882352935,,4.117647058823529
ayurveda therapeut,2022-04,0,2022-04-10,115,0.0,473.52941176470586,0.0,,4.117647058823529
ayurveda therapeut,2022-04,0,2022-04-17,115,0.0,473.52941176470586,0.0,,4.117647058823529
ayurveda therapeut,2022-04,100,2022-04-24,115,0.8695652173913043,473.52941176470586,411.7647058823529,,4.117647058823529
ayurveda therapeut,2022-05,0,2022-05-01,30,0.0,123.52941176470587,0.0,,4.117647058823529
ayurveda therapeut,2022-05,17,2022-05-08,30,0.5666666666666667,123.52941176470587,69.99999999999999,,4.117647058823529
ayurveda therapeut,2022-05,0,2022-05-15,30,0.0,123.52941176470587,0.0,,4.117647058823529
ayurveda therapeut,2022-05,0,2022-05-22,30,0.0,123.52941176470587,0.0,,4.117647058823529
ayurveda therapeut,2022-05,13,2022-05-29,30,0.43333333333333335,123.52941176470587,53.52941176470588,,4.117647058823529
ayurveda therapeut,2022-06,29,2022-06-05,29,1.0,119.41176470588235,119.41176470588235,,4.117647058823529
ayurveda therapeut,2022-06,0,2022-06-12,29,0.0,119.41176470588235,0.0,,4.117647058823529
ayurveda therapeut,2022-06,0,2022-06-19,29,0.0,119.41176470588235,0.0,,4.117647058823529
ayurveda therapeut,2022-06,0,2022-06-26,29,0.0,119.41176470588235,0.0,,4.117647058823529
ayurveda therapeut,2022-07,78,2022-07-03,144,0.5416666666666666,592.9411764705882,321.17647058823525,,4.117647058823529
ayurveda therapeut,2022-07,30,2022-07-10,144,0.20833333333333334,592.9411764705882,123.52941176470587,,4.117647058823529
ayurveda therapeut,2022-07,0,2022-07-17,144,0.0,592.9411764705882,0.0,,4.117647058823529
ayurveda therapeut,2022-07,36,2022-07-24,144,0.25,592.9411764705882,148.23529411764704,,4.117647058823529
ayurveda therapeut,2022-07,0,2022-07-31,144,0.0,592.9411764705882,0.0,,4.117647058823529
ayurveda therapeut,2022-08,26,2022-08-07,43,0.6046511627906976,177.05882352941174,107.05882352941174,,4.117647058823529
ayurveda therapeut,2022-08,0,2022-08-14,43,0.0,177.05882352941174,0.0,,4.117647058823529
ayurveda therapeut,2022-08,0,2022-08-21,43,0.0,177.05882352941174,0.0,,4.117647058823529
ayurveda therapeut,2022-08,17,2022-08-28,43,0.3953488372093023,177.05882352941174,69.99999999999999,,4.117647058823529
ayurveda therapeut,2022-09,0,2022-09-04,0,,0.0,,,4.117647058823529
ayurveda therapeut,2022-09,0,2022-09-11,0,,0.0,,,4.117647058823529
ayurveda therapeut,2022-09,0,2022-09-18,0,,0.0,,,4.117647058823529
ayurveda therapeut,2022-09,0,2022-09-25,0,,0.0,,,4.117647058823529
ayurveda therapeut,2022-10,35,2022-10-02,135,0.25925925925925924,140.0,36.2962962962963,1.037037037037037,4.117647058823529
ayurveda therapeut,2022-10,35,2022-10-02,135,0.25925925925925924,140.0,36.2962962962963,1.037037037037037,4.117647058823529
ayurveda therapeut,2022-10,35,2022-10-02,135,0.25925925925925924,140.0,36.2962962962963,1.037037037037037,4.117647058823529
ayurveda therapeut,2022-10,31,2022-10-09,135,0.22962962962962963,140.0,32.148148148148145,1.037037037037037,4.117647058823529
ayurveda therapeut,2022-10,31,2022-10-09,135,0.22962962962962963,140.0,32.148148148148145,1.037037037037037,4.117647058823529
ayurveda therapeut,2022-10,31,2022-10-09,135,0.22962962962962963,140.0,32.148148148148145,1.037037037037037,4.117647058823529
ayurveda therapeut,2022-10,0,2022-10-16,135,0.0,140.0,0.0,1.037037037037037,4.117647058823529
ayurveda therapeut,2022-10,0,2022-10-16,135,0.0,140.0,0.0,1.037037037037037,4.117647058823529
ayurveda therapeut,2022-10,0,2022-10-16,135,0.0,140.0,0.0,1.037037037037037,4.117647058823529
ayurveda therapeut,2022-10,43,2022-10-23,135,0.31851851851851853,140.0,44.592592592592595,1.037037037037037,4.117647058823529
ayurveda therapeut,2022-10,43,2022-10-23,135,0.31851851851851853,140.0,44.592592592592595,1.037037037037037,4.117647058823529
ayurveda therapeut,2022-10,43,2022-10-23,135,0.31851851851851853,140.0,44.592592592592595,1.037037037037037,4.117647058823529
ayurveda therapeut,2022-10,26,2022-10-30,135,0.1925925925925926,140.0,26.962962962962962,1.037037037037037,4.117647058823529
ayurveda therapeut,2022-10,26,2022-10-30,135,0.1925925925925926,140.0,26.962962962962962,1.037037037037037,4.117647058823529
ayurveda therapeut,2022-10,26,2022-10-30,135,0.1925925925925926,140.0,26.962962962962962,1.037037037037037,4.117647058823529
ayurveda therapeut,2022-11,0,2022-11-06,63,0.0,170.0,0.0,2.6984126984126986,4.117647058823529
ayurveda therapeut,2022-11,0,2022-11-06,63,0.0,170.0,0.0,2.6984126984126986,4.117647058823529
ayurveda therapeut,2022-11,0,2022-11-06,63,0.0,170.0,0.0,2.6984126984126986,4.117647058823529
ayurveda therapeut,2022-11,0,2022-11-13,63,0.0,170.0,0.0,2.6984126984126986,4.117647058823529
ayurveda therapeut,2022-11,0,2022-11-13,63,0.0,170.0,0.0,2.6984126984126986,4.117647058823529
ayurveda therapeut,2022-11,0,2022-11-13,63,0.0,170.0,0.0,2.6984126984126986,4.117647058823529
ayurveda therapeut,2022-11,0,2022-11-20,63,0.0,170.0,0.0,2.6984126984126986,4.117647058823529
ayurveda therapeut,2022-11,0,2022-11-20,63,0.0,170.0,0.0,2.6984126984126986,4.117647058823529
ayurveda therapeut,2022-11,0,2022-11-20,63,0.0,170.0,0.0,2.6984126984126986,4.117647058823529
ayurveda therapeut,2022-11,63,2022-11-27,63,1.0,170.0,170.0,2.6984126984126986,4.117647058823529
ayurveda therapeut,2022-11,63,2022-11-27,63,1.0,170.0,170.0,2.6984126984126986,4.117647058823529
ayurveda therapeut,2022-11,63,2022-11-27,63,1.0,170.0,170.0,2.6984126984126986,4.117647058823529
ayurveda therapeut,2022-12,0,2022-12-04,18,0.0,140.0,0.0,7.777777777777778,4.117647058823529
ayurveda therapeut,2022-12,0,2022-12-04,18,0.0,140.0,0.0,7.777777777777778,4.117647058823529
ayurveda therapeut,2022-12,0,2022-12-04,18,0.0,140.0,0.0,7.777777777777778,4.117647058823529
ayurveda therapeut,2022-12,0,2022-12-11,18,0.0,140.0,0.0,7.777777777777778,4.117647058823529
ayurveda therapeut,2022-12,0,2022-12-11,18,0.0,140.0,0.0,7.777777777777778,4.117647058823529
ayurveda therapeut,2022-12,0,2022-12-11,18,0.0,140.0,0.0,7.777777777777778,4.117647058823529
ayurveda therapeut,2022-12,18,2022-12-18,18,1.0,140.0,140.0,7.777777777777778,4.117647058823529
ayurveda therapeut,2022-12,18,2022-12-18,18,1.0,140.0,140.0,7.777777777777778,4.117647058823529
ayurveda therapeut,2022-12,18,2022-12-18,18,1.0,140.0,140.0,7.777777777777778,4.117647058823529
ayurveda therapeut,2022-12,0,2022-12-25,18,0.0,140.0,0.0,7.777777777777778,4.117647058823529
ayurveda therapeut,2022-12,0,2022-12-25,18,0.0,140.0,0.0,7.777777777777778,4.117647058823529
ayurveda therapeut,2022-12,0,2022-12-25,18,0.0,140.0,0.0,7.777777777777778,4.117647058823529
ayurveda therapeut,2023-01,0,2023-01-01,25,0.0,170.0,0.0,6.8,4.117647058823529
ayurveda therapeut,2023-01,0,2023-01-01,25,0.0,170.0,0.0,6.8,4.117647058823529
ayurveda therapeut,2023-01,0,2023-01-01,25,0.0,170.0,0.0,6.8,4.117647058823529
ayurveda therapeut,2023-01,0,2023-01-08,25,0.0,170.0,0.0,6.8,4.117647058823529
ayurveda therapeut,2023-01,0,2023-01-08,25,0.0,170.0,0.0,6.8,4.117647058823529
ayurveda therapeut,2023-01,0,2023-01-08,25,0.0,170.0,0.0,6.8,4.117647058823529
ayurveda therapeut,2023-01,0,2023-01-15,25,0.0,170.0,0.0,6.8,4.117647058823529
ayurveda therapeut,2023-01,0,2023-01-15,25,0.0,170.0,0.0,6.8,4.117647058823529
ayurveda therapeut,2023-01,0,2023-01-15,25,0.0,170.0,0.0,6.8,4.117647058823529
ayurveda therapeut,2023-01,25,2023-01-22,25,1.0,170.0,170.0,6.8,4.117647058823529
ayurveda therapeut,2023-01,25,2023-01-22,25,1.0,170.0,170.0,6.8,4.117647058823529
ayurveda therapeut,2023-01,25,2023-01-22,25,1.0,170.0,170.0,6.8,4.117647058823529
ayurveda therapeut,2023-01,0,2023-01-29,25,0.0,170.0,0.0,6.8,4.117647058823529
ayurveda therapeut,2023-01,0,2023-01-29,25,0.0,170.0,0.0,6.8,4.117647058823529
ayurveda therapeut,2023-01,0,2023-01-29,25,0.0,170.0,0.0,6.8,4.117647058823529
ayurveda therapeut,2023-02,0,2023-02-05,0,,140.0,,inf,4.117647058823529
ayurveda therapeut,2023-02,0,2023-02-05,0,,140.0,,inf,4.117647058823529
ayurveda therapeut,2023-02,0,2023-02-05,0,,140.0,,inf,4.117647058823529
ayurveda therapeut,2023-02,0,2023-02-12,0,,140.0,,inf,4.117647058823529
ayurveda therapeut,2023-02,0,2023-02-12,0,,140.0,,inf,4.117647058823529
ayurveda therapeut,2023-02,0,2023-02-12,0,,140.0,,inf,4.117647058823529
ayurveda therapeut,2023-02,0,2023-02-19,0,,140.0,,inf,4.117647058823529
ayurveda therapeut,2023-02,0,2023-02-19,0,,140.0,,inf,4.117647058823529
ayurveda therapeut,2023-02,0,2023-02-19,0,,140.0,,inf,4.117647058823529
ayurveda therapeut,2023-02,0,2023-02-26,0,,140.0,,inf,4.117647058823529
ayurveda therapeut,2023-02,0,2023-02-26,0,,140.0,,inf,4.117647058823529
ayurveda therapeut,2023-02,0,2023-02-26,0,,140.0,,inf,4.117647058823529
ayurveda therapeut,2023-03,0,2023-03-05,0,,170.0,,inf,4.117647058823529
ayurveda therapeut,2023-03,0,2023-03-05,0,,170.0,,inf,4.117647058823529
ayurveda therapeut,2023-03,0,2023-03-05,0,,170.0,,inf,4.117647058823529
ayurveda therapeut,2023-03,0,2023-03-12,0,,170.0,,inf,4.117647058823529
ayurveda therapeut,2023-03,0,2023-03-12,0,,170.0,,inf,4.117647058823529
ayurveda therapeut,2023-03,0,2023-03-12,0,,170.0,,inf,4.117647058823529
ayurveda therapeut,2023-03,0,2023-03-19,0,,170.0,,inf,4.117647058823529
ayurveda therapeut,2023-03,0,2023-03-19,0,,170.0,,inf,4.117647058823529
ayurveda therapeut,2023-03,0,2023-03-19,0,,170.0,,inf,4.117647058823529
ayurveda therapeut,2023-03,0,2023-03-26,0,,170.0,,inf,4.117647058823529
ayurveda therapeut,2023-03,0,2023-03-26,0,,170.0,,inf,4.117647058823529
ayurveda therapeut,2023-03,0,2023-03-26,0,,170.0,,inf,4.117647058823529
ayurveda therapeut,2023-04,17,2023-04-02,34,0.5,140.0,70.0,4.117647058823529,4.117647058823529
ayurveda therapeut,2023-04,17,2023-04-02,34,0.5,140.0,70.0,4.117647058823529,4.117647058823529
ayurveda therapeut,2023-04,17,2023-04-02,34,0.5,140.0,70.0,4.117647058823529,4.117647058823529
ayurveda therapeut,2023-04,0,2023-04-09,34,0.0,140.0,0.0,4.117647058823529,4.117647058823529
ayurveda therapeut,2023-04,0,2023-04-09,34,0.0,140.0,0.0,4.117647058823529,4.117647058823529
ayurveda therapeut,2023-04,0,2023-04-09,34,0.0,140.0,0.0,4.117647058823529,4.117647058823529
ayurveda therapeut,2023-04,0,2023-04-16,34,0.0,140.0,0.0,4.117647058823529,4.117647058823529
ayurveda therapeut,2023-04,0,2023-04-16,34,0.0,140.0,0.0,4.117647058823529,4.117647058823529
ayurveda therapeut,2023-04,0,2023-04-16,34,0.0,140.0,0.0,4.117647058823529,4.117647058823529
ayurveda therapeut,2023-04,17,2023-04-23,34,0.5,140.0,70.0,4.117647058823529,4.117647058823529
ayurveda therapeut,2023-04,17,2023-04-23,34,0.5,140.0,70.0,4.117647058823529,4.117647058823529
ayurveda therapeut,2023-04,17,2023-04-23,34,0.5,140.0,70.0,4.117647058823529,4.117647058823529
ayurveda therapeut,2023-04,0,2023-04-30,34,0.0,140.0,0.0,4.117647058823529,4.117647058823529
ayurveda therapeut,2023-04,0,2023-04-30,34,0.0,140.0,0.0,4.117647058823529,4.117647058823529
ayurveda therapeut,2023-04,0,2023-04-30,34,0.0,140.0,0.0,4.117647058823529,4.117647058823529
ayurveda therapeut,2023-05,0,2023-05-07,0,,110.0,,inf,4.117647058823529
ayurveda therapeut,2023-05,0,2023-05-07,0,,110.0,,inf,4.117647058823529
ayurveda therapeut,2023-05,0,2023-05-07,0,,110.0,,inf,4.117647058823529
ayurveda therapeut,2023-05,0,2023-05-14,0,,110.0,,inf,4.117647058823529
ayurveda therapeut,2023-05,0,2023-05-14,0,,110.0,,inf,4.117647058823529
ayurveda therapeut,2023-05,0,2023-05-14,0,,110.0,,inf,4.117647058823529
ayurveda therapeut,2023-05,0,2023-05-21,0,,110.0,,inf,4.117647058823529
ayurveda therapeut,2023-05,0,2023-05-21,0,,110.0,,inf,4.117647058823529
ayurveda therapeut,2023-05,0,2023-05-21,0,,110.0,,inf,4.117647058823529
ayurveda therapeut,2023-05,0,2023-05-28,0,,110.0,,inf,4.117647058823529
ayurveda therapeut,2023-05,0,2023-05-28,0,,110.0,,inf,4.117647058823529
ayurveda therapeut,2023-05,0,2023-05-28,0,,110.0,,inf,4.117647058823529
ayurveda therapeut,2023-06,0,2023-06-04,62,0.0,140.0,0.0,2.2580645161290325,4.117647058823529
ayurveda therapeut,2023-06,0,2023-06-04,62,0.0,140.0,0.0,2.2580645161290325,4.117647058823529
ayurveda therapeut,2023-06,0,2023-06-04,62,0.0,140.0,0.0,2.2580645161290325,4.117647058823529
ayurveda therapeut,2023-06,0,2023-06-11,62,0.0,140.0,0.0,2.2580645161290325,4.117647058823529
ayurveda therapeut,2023-06,0,2023-06-11,62,0.0,140.0,0.0,2.2580645161290325,4.117647058823529
ayurveda therapeut,2023-06,0,2023-06-11,62,0.0,140.0,0.0,2.2580645161290325,4.117647058823529
ayurveda therapeut,2023-06,27,2023-06-18,62,0.43548387096774194,140.0,60.96774193548387,2.2580645161290325,4.117647058823529
ayurveda therapeut,2023-06,27,2023-06-18,62,0.43548387096774194,140.0,60.96774193548387,2.2580645161290325,4.117647058823529
ayurveda therapeut,2023-06,27,2023-06-18,62,0.43548387096774194,140.0,60.96774193548387,2.2580645161290325,4.117647058823529
ayurveda therapeut,2023-06,35,2023-06-25,62,0.5645161290322581,140.0,79.03225806451614,2.2580645161290325,4.117647058823529
ayurveda therapeut,2023-06,35,2023-06-25,62,0.5645161290322581,140.0,79.03225806451614,2.2580645161290325,4.117647058823529
ayurveda therapeut,2023-06,35,2023-06-25,62,0.5645161290322581,140.0,79.03225806451614,2.2580645161290325,4.117647058823529
ayurveda therapeut,2023-07,0,2023-07-02,72,0.0,140.0,0.0,1.9444444444444444,4.117647058823529
ayurveda therapeut,2023-07,0,2023-07-02,72,0.0,140.0,0.0,1.9444444444444444,4.117647058823529
ayurveda therapeut,2023-07,0,2023-07-02,72,0.0,140.0,0.0,1.9444444444444444,4.117647058823529
ayurveda therapeut,2023-07,19,2023-07-09,72,0.2638888888888889,140.0,36.94444444444444,1.9444444444444444,4.117647058823529
ayurveda therapeut,2023-07,19,2023-07-09,72,0.2638888888888889,140.0,36.94444444444444,1.9444444444444444,4.117647058823529
ayurveda therapeut,2023-07,19,2023-07-09,72,0.2638888888888889,140.0,36.94444444444444,1.9444444444444444,4.117647058823529
ayurveda therapeut,2023-07,34,2023-07-16,72,0.4722222222222222,140.0,66.11111111111111,1.9444444444444444,4.117647058823529
ayurveda therapeut,2023-07,34,2023-07-16,72,0.4722222222222222,140.0,66.11111111111111,1.9444444444444444,4.117647058823529
ayurveda therapeut,2023-07,34,2023-07-16,72,0.4722222222222222,140.0,66.11111111111111,1.9444444444444444,4.117647058823529
ayurveda therapeut,2023-07,0,2023-07-23,72,0.0,140.0,0.0,1.9444444444444444,4.117647058823529
ayurveda therapeut,2023-07,0,2023-07-23,72,0.0,140.0,0.0,1.9444444444444444,4.117647058823529
ayurveda therapeut,2023-07,0,2023-07-23,72,0.0,140.0,0.0,1.9444444444444444,4.117647058823529
ayurveda therapeut,2023-07,19,2023-07-30,72,0.2638888888888889,140.0,36.94444444444444,1.9444444444444444,4.117647058823529
ayurveda therapeut,2023-07,19,2023-07-30,72,0.2638888888888889,140.0,36.94444444444444,1.9444444444444444,4.117647058823529
ayurveda therapeut,2023-07,19,2023-07-30,72,0.2638888888888889,140.0,36.94444444444444,1.9444444444444444,4.117647058823529
ayurveda therapeut,2023-08,0,2023-08-06,54,0.0,210.0,0.0,3.888888888888889,4.117647058823529
ayurveda therapeut,2023-08,0,2023-08-06,54,0.0,210.0,0.0,3.888888888888889,4.117647058823529
ayurveda therapeut,2023-08,0,2023-08-06,54,0.0,210.0,0.0,3.888888888888889,4.117647058823529
ayurveda therapeut,2023-08,29,2023-08-13,54,0.5370370370370371,210.0,112.77777777777779,3.888888888888889,4.117647058823529
ayurveda therapeut,2023-08,29,2023-08-13,54,0.5370370370370371,210.0,112.77777777777779,3.888888888888889,4.117647058823529
ayurveda therapeut,2023-08,29,2023-08-13,54,0.5370370370370371,210.0,112.77777777777779,3.888888888888889,4.117647058823529
ayurveda therapeut,2023-08,25,2023-08-20,54,0.46296296296296297,210.0,97.22222222222223,3.888888888888889,4.117647058823529
ayurveda therapeut,2023-08,25,2023-08-20,54,0.46296296296296297,210.0,97.22222222222223,3.888888888888889,4.117647058823529
ayurveda therapeut,2023-08,25,2023-08-20,54,0.46296296296296297,210.0,97.22222222222223,3.888888888888889,4.117647058823529
ayurveda therapeut,2023-08,0,2023-08-27,54,0.0,210.0,0.0,3.888888888888889,4.117647058823529
ayurveda therapeut,2023-08,0,2023-08-27,54,0.0,210.0,0.0,3.888888888888889,4.117647058823529
ayurveda therapeut,2023-08,0,2023-08-27,54,0.0,210.0,0.0,3.888888888888889,4.117647058823529
ayurveda therapeut,2023-09,0,2023-09-03,18,0.0,140.0,0.0,7.777777777777778,4.117647058823529
ayurveda therapeut,2023-09,0,2023-09-03,18,0.0,140.0,0.0,7.777777777777778,4.117647058823529
ayurveda therapeut,2023-09,0,2023-09-03,18,0.0,140.0,0.0,7.777777777777778,4.117647058823529
ayurveda therapeut,2023-09,0,2023-09-10,18,0.0,140.0,0.0,7.777777777777778,4.117647058823529
ayurveda therapeut,2023-09,0,2023-09-10,18,0.0,140.0,0.0,7.777777777777778,4.117647058823529
ayurveda therapeut,2023-09,0,2023-09-10,18,0.0,140.0,0.0,7.777777777777778,4.117647058823529
ayurveda therapeut,2023-09,0,2023-09-17,18,0.0,140.0,0.0,7.777777777777778,4.117647058823529
ayurveda therapeut,2023-09,0,2023-09-17,18,0.0,140.0,0.0,7.777777777777778,4.117647058823529
ayurveda therapeut,2023-09,0,2023-09-17,18,0.0,140.0,0.0,7.777777777777778,4.117647058823529
ayurveda therapeut,2023-09,18,2023-09-24,18,1.0,140.0,140.0,7.777777777777778,4.117647058823529
ayurveda therapeut,2023-09,18,2023-09-24,18,1.0,140.0,140.0,7.777777777777778,4.117647058823529
ayurveda therapeut,2023-09,18,2023-09-24,18,1.0,140.0,140.0,7.777777777777778,4.117647058823529
ayurveda therapeut,2023-10,0,2023-10-01,0,,0.0,,,4.117647058823529
ayurveda therapie,2018-10,0,2018-10-14,0,,0.0,,,3.4375
ayurveda therapie,2018-10,0,2018-10-21,0,,0.0,,,3.4375
ayurveda therapie,2018-10,0,2018-10-28,0,,0.0,,,3.4375
ayurveda therapie,2018-11,29,2018-11-04,84,0.34523809523809523,288.75,99.6875,,3.4375
ayurveda therapie,2018-11,0,2018-11-11,84,0.0,288.75,0.0,,3.4375
ayurveda therapie,2018-11,25,2018-11-18,84,0.2976190476190476,288.75,85.9375,,3.4375
ayurveda therapie,2018-11,30,2018-11-25,84,0.35714285714285715,288.75,103.125,,3.4375
ayurveda therapie,2018-12,72,2018-12-02,72,1.0,247.5,247.5,,3.4375
ayurveda therapie,2018-12,0,2018-12-09,72,0.0,247.5,0.0,,3.4375
ayurveda therapie,2018-12,0,2018-12-16,72,0.0,247.5,0.0,,3.4375
ayurveda therapie,2018-12,0,2018-12-23,72,0.0,247.5,0.0,,3.4375
ayurveda therapie,2018-12,0,2018-12-30,72,0.0,247.5,0.0,,3.4375
ayurveda therapie,2019-01,0,2019-01-06,0,,0.0,,,3.4375
ayurveda therapie,2019-01,0,2019-01-13,0,,0.0,,,3.4375
ayurveda therapie,2019-01,0,2019-01-20,0,,0.0,,,3.4375
ayurveda therapie,2019-01,0,2019-01-27,0,,0.0,,,3.4375
ayurveda therapie,2019-02,24,2019-02-03,108,0.2222222222222222,371.25,82.5,,3.4375
ayurveda therapie,2019-02,0,2019-02-10,108,0.0,371.25,0.0,,3.4375
ayurveda therapie,2019-02,0,2019-02-17,108,0.0,371.25,0.0,,3.4375
ayurveda therapie,2019-02,84,2019-02-24,108,0.7777777777777778,371.25,288.75,,3.4375
ayurveda therapie,2019-03,0,2019-03-03,42,0.0,144.375,0.0,,3.4375
ayurveda therapie,2019-03,0,2019-03-10,42,0.0,144.375,0.0,,3.4375
ayurveda therapie,2019-03,42,2019-03-17,42,1.0,144.375,144.375,,3.4375
ayurveda therapie,2019-03,0,2019-03-24,42,0.0,144.375,0.0,,3.4375
ayurveda therapie,2019-03,0,2019-03-31,42,0.0,144.375,0.0,,3.4375
ayurveda therapie,2019-04,0,2019-04-07,30,0.0,103.125,0.0,,3.4375
ayurveda therapie,2019-04,0,2019-04-14,30,0.0,103.125,0.0,,3.4375
ayurveda therapie,2019-04,30,2019-04-21,30,1.0,103.125,103.125,,3.4375
ayurveda therapie,2019-04,0,2019-04-28,30,0.0,103.125,0.0,,3.4375
ayurveda therapie,2019-05,53,2019-05-05,53,1.0,182.1875,182.1875,,3.4375
ayurveda therapie,2019-05,0,2019-05-12,53,0.0,182.1875,0.0,,3.4375
ayurveda therapie,2019-05,0,2019-05-19,53,0.0,182.1875,0.0,,3.4375
ayurveda therapie,2019-05,0,2019-05-26,53,0.0,182.1875,0.0,,3.4375
ayurveda therapie,2019-06,0,2019-06-02,0,,0.0,,,3.4375
ayurveda therapie,2019-06,0,2019-06-09,0,,0.0,,,3.4375
ayurveda therapie,2019-06,0,2019-06-16,0,,0.0,,,3.4375
ayurveda therapie,2019-06,0,2019-06-23,0,,0.0,,,3.4375
ayurveda therapie,2019-06,0,2019-06-30,0,,0.0,,,3.4375
ayurveda therapie,2019-07,0,2019-07-07,45,0.0,154.6875,0.0,,3.4375
ayurveda therapie,2019-07,45,2019-07-14,45,1.0,154.6875,154.6875,,3.4375
ayurveda therapie,2019-07,0,2019-07-21,45,0.0,154.6875,0.0,,3.4375
ayurveda therapie,2019-07,0,2019-07-28,45,0.0,154.6875,0.0,,3.4375
ayurveda therapie,2019-08,0,2019-08-04,0,,0.0,,,3.4375
ayurveda therapie,2019-08,0,2019-08-11,0,,0.0,,,3.4375
ayurveda therapie,2019-08,0,2019-08-18,0,,0.0,,,3.4375
ayurveda therapie,2019-08,0,2019-08-25,0,,0.0,,,3.4375
ayurveda therapie,2019-09,0,2019-09-01,22,0.0,75.625,0.0,,3.4375
ayurveda therapie,2019-09,0,2019-09-08,22,0.0,75.625,0.0,,3.4375
ayurveda therapie,2019-09,0,2019-09-15,22,0.0,75.625,0.0,,3.4375
ayurveda therapie,2019-09,22,2019-09-22,22,1.0,75.625,75.625,,3.4375
ayurveda therapie,2019-09,0,2019-09-29,22,0.0,75.625,0.0,,3.4375
ayurveda therapie,2019-10,34,2019-10-06,75,0.4533333333333333,257.8125,116.875,,3.4375
ayurveda therapie,2019-10,0,2019-10-13,75,0.0,257.8125,0.0,,3.4375
ayurveda therapie,2019-10,41,2019-10-20,75,0.5466666666666666,257.8125,140.9375,,3.4375
ayurveda therapie,2019-10,0,2019-10-27,75,0.0,257.8125,0.0,,3.4375
ayurveda therapie,2019-11,0,2019-11-03,33,0.0,113.4375,0.0,,3.4375
ayurveda therapie,2019-11,0,2019-11-10,33,0.0,113.4375,0.0,,3.4375
ayurveda therapie,2019-11,0,2019-11-17,33,0.0,113.4375,0.0,,3.4375
ayurveda therapie,2019-11,33,2019-11-24,33,1.0,113.4375,113.4375,,3.4375
ayurveda therapie,2019-12,0,2019-12-01,0,,0.0,,,3.4375
ayurveda therapie,2019-12,0,2019-12-08,0,,0.0,,,3.4375
ayurveda therapie,2019-12,0,2019-12-15,0,,0.0,,,3.4375
ayurveda therapie,2019-12,0,2019-12-22,0,,0.0,,,3.4375
ayurveda therapie,2019-12,0,2019-12-29,0,,0.0,,,3.4375
ayurveda therapie,2020-01,0,2020-01-05,0,,0.0,,,3.4375
ayurveda therapie,2020-01,0,2020-01-12,0,,0.0,,,3.4375
ayurveda therapie,2020-01,0,2020-01-19,0,,0.0,,,3.4375
ayurveda therapie,2020-01,0,2020-01-26,0,,0.0,,,3.4375
ayurveda therapie,2020-02,100,2020-02-02,150,0.6666666666666666,515.625,343.75,,3.4375
ayurveda therapie,2020-02,50,2020-02-09,150,0.3333333333333333,515.625,171.875,,3.4375
ayurveda therapie,2020-02,0,2020-02-16,150,0.0,515.625,0.0,,3.4375
ayurveda therapie,2020-02,0,2020-02-23,150,0.0,515.625,0.0,,3.4375
ayurveda therapie,2020-03,45,2020-03-01,125,0.36,429.6875,154.6875,,3.4375
ayurveda therapie,2020-03,54,2020-03-08,125,0.432,429.6875,185.625,,3.4375
ayurveda therapie,2020-03,26,2020-03-15,125,0.208,429.6875,89.375,,3.4375
ayurveda therapie,2020-03,0,2020-03-22,125,0.0,429.6875,0.0,,3.4375
ayurveda therapie,2020-03,0,2020-03-29,125,0.0,429.6875,0.0,,3.4375
ayurveda therapie,2020-04,0,2020-04-05,0,,0.0,,,3.4375
ayurveda therapie,2020-04,0,2020-04-12,0,,0.0,,,3.4375
ayurveda therapie,2020-04,0,2020-04-19,0,,0.0,,,3.4375
ayurveda therapie,2020-04,0,2020-04-26,0,,0.0,,,3.4375
ayurveda therapie,2020-05,0,2020-05-03,78,0.0,268.125,0.0,,3.4375
ayurveda therapie,2020-05,41,2020-05-10,78,0.5256410256410257,268.125,140.9375,,3.4375
ayurveda therapie,2020-05,0,2020-05-17,78,0.0,268.125,0.0,,3.4375
ayurveda therapie,2020-05,37,2020-05-24,78,0.47435897435897434,268.125,127.1875,,3.4375
ayurveda therapie,2020-05,0,2020-05-31,78,0.0,268.125,0.0,,3.4375
ayurveda therapie,2020-06,0,2020-06-07,97,0.0,333.4375,0.0,,3.4375
ayurveda therapie,2020-06,0,2020-06-14,97,0.0,333.4375,0.0,,3.4375
ayurveda therapie,2020-06,29,2020-06-21,97,0.29896907216494845,333.4375,99.6875,,3.4375
ayurveda therapie,2020-06,68,2020-06-28,97,0.7010309278350515,333.4375,233.74999999999997,,3.4375
ayurveda therapie,2020-07,0,2020-07-05,52,0.0,178.75,0.0,,3.4375
ayurveda therapie,2020-07,0,2020-07-12,52,0.0,178.75,0.0,,3.4375
ayurveda therapie,2020-07,0,2020-07-19,52,0.0,178.75,0.0,,3.4375
ayurveda therapie,2020-07,52,2020-07-26,52,1.0,178.75,178.75,,3.4375
ayurveda therapie,2020-08,28,2020-08-02,59,0.4745762711864407,202.8125,96.25,,3.4375
ayurveda therapie,2020-08,0,2020-08-09,59,0.0,202.8125,0.0,,3.4375
ayurveda therapie,2020-08,0,2020-08-16,59,0.0,202.8125,0.0,,3.4375
ayurveda therapie,2020-08,0,2020-08-23,59,0.0,202.8125,0.0,,3.4375
ayurveda therapie,2020-08,31,2020-08-30,59,0.5254237288135594,202.8125,106.56250000000001,,3.4375
ayurveda therapie,2020-09,23,2020-09-06,57,0.40350877192982454,195.9375,79.0625,,3.4375
ayurveda therapie,2020-09,0,2020-09-13,57,0.0,195.9375,0.0,,3.4375
ayurveda therapie,2020-09,0,2020-09-20,57,0.0,195.9375,0.0,,3.4375
ayurveda therapie,2020-09,34,2020-09-27,57,0.5964912280701754,195.9375,116.875,,3.4375
ayurveda therapie,2020-10,0,2020-10-04,0,,0.0,,,3.4375
ayurveda therapie,2020-10,0,2020-10-11,0,,0.0,,,3.4375
ayurveda therapie,2020-10,0,2020-10-18,0,,0.0,,,3.4375
ayurveda therapie,2020-10,0,2020-10-25,0,,0.0,,,3.4375
ayurveda therapie,2020-11,0,2020-11-01,0,,0.0,,,3.4375
ayurveda therapie,2020-11,0,2020-11-08,0,,0.0,,,3.4375
ayurveda therapie,2020-11,0,2020-11-15,0,,0.0,,,3.4375
ayurveda therapie,2020-11,0,2020-11-22,0,,0.0,,,3.4375
ayurveda therapie,2020-11,0,2020-11-29,0,,0.0,,,3.4375
ayurveda therapie,2020-12,0,2020-12-06,86,0.0,295.625,0.0,,3.4375
ayurveda therapie,2020-12,0,2020-12-13,86,0.0,295.625,0.0,,3.4375
ayurveda therapie,2020-12,32,2020-12-20,86,0.37209302325581395,295.625,110.0,,3.4375
ayurveda therapie,2020-12,54,2020-12-27,86,0.627906976744186,295.625,185.625,,3.4375
ayurveda therapie,2021-01,0,2021-01-03,95,0.0,326.5625,0.0,,3.4375
ayurveda therapie,2021-01,41,2021-01-10,95,0.43157894736842106,326.5625,140.9375,,3.4375
ayurveda therapie,2021-01,0,2021-01-17,95,0.0,326.5625,0.0,,3.4375
ayurveda therapie,2021-01,0,2021-01-24,95,0.0,326.5625,0.0,,3.4375
ayurveda therapie,2021-01,54,2021-01-31,95,0.5684210526315789,326.5625,185.625,,3.4375
ayurveda therapie,2021-02,0,2021-02-07,26,0.0,89.375,0.0,,3.4375
ayurveda therapie,2021-02,0,2021-02-14,26,0.0,89.375,0.0,,3.4375
ayurveda therapie,2021-02,0,2021-02-21,26,0.0,89.375,0.0,,3.4375
ayurveda therapie,2021-02,26,2021-02-28,26,1.0,89.375,89.375,,3.4375
ayurveda therapie,2021-03,0,2021-03-07,0,,0.0,,,3.4375
ayurveda therapie,2021-03,0,2021-03-14,0,,0.0,,,3.4375
ayurveda therapie,2021-03,0,2021-03-21,0,,0.0,,,3.4375
ayurveda therapie,2021-03,0,2021-03-28,0,,0.0,,,3.4375
ayurveda therapie,2021-04,0,2021-04-04,60,0.0,206.25,0.0,,3.4375
ayurveda therapie,2021-04,25,2021-04-11,60,0.4166666666666667,206.25,85.9375,,3.4375
ayurveda therapie,2021-04,0,2021-04-18,60,0.0,206.25,0.0,,3.4375
ayurveda therapie,2021-04,35,2021-04-25,60,0.5833333333333334,206.25,120.31250000000001,,3.4375
ayurveda therapie,2021-05,62,2021-05-02,62,1.0,213.125,213.125,,3.4375
ayurveda therapie,2021-05,0,2021-05-09,62,0.0,213.125,0.0,,3.4375
ayurveda therapie,2021-05,0,2021-05-16,62,0.0,213.125,0.0,,3.4375
ayurveda therapie,2021-05,0,2021-05-23,62,0.0,213.125,0.0,,3.4375
ayurveda therapie,2021-05,0,2021-05-30,62,0.0,213.125,0.0,,3.4375
ayurveda therapie,2021-06,0,2021-06-06,0,,0.0,,,3.4375
ayurveda therapie,2021-06,0,2021-06-13,0,,0.0,,,3.4375
ayurveda therapie,2021-06,0,2021-06-20,0,,0.0,,,3.4375
ayurveda therapie,2021-06,0,2021-06-27,0,,0.0,,,3.4375
ayurveda therapie,2021-07,0,2021-07-04,0,,0.0,,,3.4375
ayurveda therapie,2021-07,0,2021-07-11,0,,0.0,,,3.4375
ayurveda therapie,2021-07,0,2021-07-18,0,,0.0,,,3.4375
ayurveda therapie,2021-07,0,2021-07-25,0,,0.0,,,3.4375
ayurveda therapie,2021-08,0,2021-08-01,0,,0.0,,,3.4375
ayurveda therapie,2021-08,0,2021-08-08,0,,0.0,,,3.4375
ayurveda therapie,2021-08,0,2021-08-15,0,,0.0,,,3.4375
ayurveda therapie,2021-08,0,2021-08-22,0,,0.0,,,3.4375
ayurveda therapie,2021-08,0,2021-08-29,0,,0.0,,,3.4375
ayurveda therapie,2021-09,0,2021-09-05,74,0.0,254.375,0.0,,3.4375
ayurveda therapie,2021-09,0,2021-09-12,74,0.0,254.375,0.0,,3.4375
ayurveda therapie,2021-09,0,2021-09-19,74,0.0,254.375,0.0,,3.4375
ayurveda therapie,2021-09,74,2021-09-26,74,1.0,254.375,254.375,,3.4375
ayurveda therapie,2021-10,0,2021-10-03,68,0.0,233.75,0.0,,3.4375
ayurveda therapie,2021-10,42,2021-10-10,68,0.6176470588235294,233.75,144.375,,3.4375
ayurveda therapie,2021-10,0,2021-10-17,68,0.0,233.75,0.0,,3.4375
ayurveda therapie,2021-10,0,2021-10-24,68,0.0,233.75,0.0,,3.4375
ayurveda therapie,2021-10,26,2021-10-31,68,0.38235294117647056,233.75,89.375,,3.4375
ayurveda therapie,2021-11,48,2021-11-07,48,1.0,165.0,165.0,,3.4375
ayurveda therapie,2021-11,0,2021-11-14,48,0.0,165.0,0.0,,3.4375
ayurveda therapie,2021-11,0,2021-11-21,48,0.0,165.0,0.0,,3.4375
ayurveda therapie,2021-11,0,2021-11-28,48,0.0,165.0,0.0,,3.4375
ayurveda therapie,2021-12,0,2021-12-05,75,0.0,257.8125,0.0,,3.4375
ayurveda therapie,2021-12,0,2021-12-12,75,0.0,257.8125,0.0,,3.4375
ayurveda therapie,2021-12,39,2021-12-19,75,0.52,257.8125,134.0625,,3.4375
ayurveda therapie,2021-12,36,2021-12-26,75,0.48,257.8125,123.75,,3.4375
ayurveda therapie,2022-01,29,2022-01-02,101,0.2871287128712871,347.1875,99.68749999999999,,3.4375
ayurveda therapie,2022-01,0,2022-01-09,101,0.0,347.1875,0.0,,3.4375
ayurveda therapie,2022-01,47,2022-01-16,101,0.46534653465346537,347.1875,161.5625,,3.4375
ayurveda therapie,2022-01,0,2022-01-23,101,0.0,347.1875,0.0,,3.4375
ayurveda therapie,2022-01,25,2022-01-30,101,0.24752475247524752,347.1875,85.9375,,3.4375
ayurveda therapie,2022-02,33,2022-02-06,54,0.6111111111111112,185.625,113.43750000000001,,3.4375
ayurveda therapie,2022-02,0,2022-02-13,54,0.0,185.625,0.0,,3.4375
ayurveda therapie,2022-02,21,2022-02-20,54,0.3888888888888889,185.625,72.1875,,3.4375
ayurveda therapie,2022-02,0,2022-02-27,54,0.0,185.625,0.0,,3.4375
ayurveda therapie,2022-03,21,2022-03-06,21,1.0,72.1875,72.1875,,3.4375
ayurveda therapie,2022-03,0,2022-03-13,21,0.0,72.1875,0.0,,3.4375
ayurveda therapie,2022-03,0,2022-03-20,21,0.0,72.1875,0.0,,3.4375
ayurveda therapie,2022-03,0,2022-03-27,21,0.0,72.1875,0.0,,3.4375
ayurveda therapie,2022-04,0,2022-04-03,89,0.0,305.9375,0.0,,3.4375
ayurveda therapie,2022-04,0,2022-04-10,89,0.0,305.9375,0.0,,3.4375
ayurveda therapie,2022-04,89,2022-04-17,89,1.0,305.9375,305.9375,,3.4375
ayurveda therapie,2022-04,0,2022-04-24,89,0.0,305.9375,0.0,,3.4375
ayurveda therapie,2022-05,33,2022-05-01,33,1.0,113.4375,113.4375,,3.4375
ayurveda therapie,2022-05,0,2022-05-08,33,0.0,113.4375,0.0,,3.4375
ayurveda therapie,2022-05,0,2022-05-15,33,0.0,113.4375,0.0,,3.4375
ayurveda therapie,2022-05,0,2022-05-22,33,0.0,113.4375,0.0,,3.4375
ayurveda therapie,2022-05,0,2022-05-29,33,0.0,113.4375,0.0,,3.4375
ayurveda therapie,2022-06,0,2022-06-05,66,0.0,226.875,0.0,,3.4375
ayurveda therapie,2022-06,0,2022-06-12,66,0.0,226.875,0.0,,3.4375
ayurveda therapie,2022-06,66,2022-06-19,66,1.0,226.875,226.875,,3.4375
ayurveda therapie,2022-06,0,2022-06-26,66,0.0,226.875,0.0,,3.4375
ayurveda therapie,2022-07,0,2022-07-03,20,0.0,68.75,0.0,,3.4375
ayurveda therapie,2022-07,0,2022-07-10,20,0.0,68.75,0.0,,3.4375
ayurveda therapie,2022-07,0,2022-07-17,20,0.0,68.75,0.0,,3.4375
ayurveda therapie,2022-07,20,2022-07-24,20,1.0,68.75,68.75,,3.4375
ayurveda therapie,2022-07,0,2022-07-31,20,0.0,68.75,0.0,,3.4375
ayurveda therapie,2022-08,0,2022-08-07,45,0.0,154.6875,0.0,,3.4375
ayurveda therapie,2022-08,45,2022-08-14,45,1.0,154.6875,154.6875,,3.4375
ayurveda therapie,2022-08,0,2022-08-21,45,0.0,154.6875,0.0,,3.4375
ayurveda therapie,2022-08,0,2022-08-28,45,0.0,154.6875,0.0,,3.4375
ayurveda therapie,2022-09,0,2022-09-04,23,0.0,79.0625,0.0,,3.4375
ayurveda therapie,2022-09,0,2022-09-11,23,0.0,79.0625,0.0,,3.4375
ayurveda therapie,2022-09,0,2022-09-18,23,0.0,79.0625,0.0,,3.4375
ayurveda therapie,2022-09,23,2022-09-25,23,1.0,79.0625,79.0625,,3.4375
ayurveda therapie,2022-10,0,2022-10-02,0,,140.0,,inf,3.4375
ayurveda therapie,2022-10,0,2022-10-02,0,,140.0,,inf,3.4375
ayurveda therapie,2022-10,0,2022-10-02,0,,140.0,,inf,3.4375
ayurveda therapie,2022-10,0,2022-10-09,0,,140.0,,inf,3.4375
ayurveda therapie,2022-10,0,2022-10-09,0,,140.0,,inf,3.4375
ayurveda therapie,2022-10,0,2022-10-09,0,,140.0,,inf,3.4375
ayurveda therapie,2022-10,0,2022-10-16,0,,140.0,,inf,3.4375
ayurveda therapie,2022-10,0,2022-10-16,0,,140.0,,inf,3.4375
ayurveda therapie,2022-10,0,2022-10-16,0,,140.0,,inf,3.4375
ayurveda therapie,2022-10,0,2022-10-23,0,,140.0,,inf,3.4375
ayurveda therapie,2022-10,0,2022-10-23,0,,140.0,,inf,3.4375
ayurveda therapie,2022-10,0,2022-10-23,0,,140.0,,inf,3.4375
ayurveda therapie,2022-10,0,2022-10-30,0,,140.0,,inf,3.4375
ayurveda therapie,2022-10,0,2022-10-30,0,,140.0,,inf,3.4375
ayurveda therapie,2022-10,0,2022-10-30,0,,140.0,,inf,3.4375
ayurveda therapie,2022-11,0,2022-11-06,0,,140.0,,inf,3.4375
ayurveda therapie,2022-11,0,2022-11-06,0,,140.0,,inf,3.4375
ayurveda therapie,2022-11,0,2022-11-06,0,,140.0,,inf,3.4375
ayurveda therapie,2022-11,0,2022-11-13,0,,140.0,,inf,3.4375
ayurveda therapie,2022-11,0,2022-11-13,0,,140.0,,inf,3.4375
ayurveda therapie,2022-11,0,2022-11-13,0,,140.0,,inf,3.4375
ayurveda therapie,2022-11,0,2022-11-20,0,,140.0,,inf,3.4375
ayurveda therapie,2022-11,0,2022-11-20,0,,140.0,,inf,3.4375
ayurveda therapie,2022-11,0,2022-11-20,0,,140.0,,inf,3.4375
ayurveda therapie,2022-11,0,2022-11-27,0,,140.0,,inf,3.4375
ayurveda therapie,2022-11,0,2022-11-27,0,,140.0,,inf,3.4375
ayurveda therapie,2022-11,0,2022-11-27,0,,140.0,,inf,3.4375
ayurveda therapie,2022-12,24,2022-12-04,60,0.4,90.0,36.0,1.5,3.4375
ayurveda therapie,2022-12,24,2022-12-04,60,0.4,90.0,36.0,1.5,3.4375
ayurveda therapie,2022-12,24,2022-12-04,60,0.4,90.0,36.0,1.5,3.4375
ayurveda therapie,2022-12,36,2022-12-11,60,0.6,90.0,54.0,1.5,3.4375
ayurveda therapie,2022-12,36,2022-12-11,60,0.6,90.0,54.0,1.5,3.4375
ayurveda therapie,2022-12,36,2022-12-11,60,0.6,90.0,54.0,1.5,3.4375
ayurveda therapie,2022-12,0,2022-12-18,60,0.0,90.0,0.0,1.5,3.4375
ayurveda therapie,2022-12,0,2022-12-18,60,0.0,90.0,0.0,1.5,3.4375
ayurveda therapie,2022-12,0,2022-12-18,60,0.0,90.0,0.0,1.5,3.4375
ayurveda therapie,2022-12,0,2022-12-25,60,0.0,90.0,0.0,1.5,3.4375
ayurveda therapie,2022-12,0,2022-12-25,60,0.0,90.0,0.0,1.5,3.4375
ayurveda therapie,2022-12,0,2022-12-25,60,0.0,90.0,0.0,1.5,3.4375
ayurveda therapie,2023-01,38,2023-01-01,68,0.5588235294117647,210.0,117.3529411764706,3.088235294117647,3.4375
ayurveda therapie,2023-01,38,2023-01-01,68,0.5588235294117647,210.0,117.3529411764706,3.088235294117647,3.4375
ayurveda therapie,2023-01,38,2023-01-01,68,0.5588235294117647,210.0,117.3529411764706,3.088235294117647,3.4375
ayurveda therapie,2023-01,0,2023-01-08,68,0.0,210.0,0.0,3.088235294117647,3.4375
ayurveda therapie,2023-01,0,2023-01-08,68,0.0,210.0,0.0,3.088235294117647,3.4375
ayurveda therapie,2023-01,0,2023-01-08,68,0.0,210.0,0.0,3.088235294117647,3.4375
ayurveda therapie,2023-01,0,2023-01-15,68,0.0,210.0,0.0,3.088235294117647,3.4375
ayurveda therapie,2023-01,0,2023-01-15,68,0.0,210.0,0.0,3.088235294117647,3.4375
ayurveda therapie,2023-01,0,2023-01-15,68,0.0,210.0,0.0,3.088235294117647,3.4375
ayurveda therapie,2023-01,30,2023-01-22,68,0.4411764705882353,210.0,92.6470588235294,3.088235294117647,3.4375
ayurveda therapie,2023-01,30,2023-01-22,68,0.4411764705882353,210.0,92.6470588235294,3.088235294117647,3.4375
ayurveda therapie,2023-01,30,2023-01-22,68,0.4411764705882353,210.0,92.6470588235294,3.088235294117647,3.4375
ayurveda therapie,2023-01,0,2023-01-29,68,0.0,210.0,0.0,3.088235294117647,3.4375
ayurveda therapie,2023-01,0,2023-01-29,68,0.0,210.0,0.0,3.088235294117647,3.4375
ayurveda therapie,2023-01,0,2023-01-29,68,0.0,210.0,0.0,3.088235294117647,3.4375
ayurveda therapie,2023-02,45,2023-02-05,45,1.0,170.0,170.0,3.7777777777777777,3.4375
ayurveda therapie,2023-02,45,2023-02-05,45,1.0,170.0,170.0,3.7777777777777777,3.4375
ayurveda therapie,2023-02,45,2023-02-05,45,1.0,170.0,170.0,3.7777777777777777,3.4375
ayurveda therapie,2023-02,0,2023-02-12,45,0.0,170.0,0.0,3.7777777777777777,3.4375
ayurveda therapie,2023-02,0,2023-02-12,45,0.0,170.0,0.0,3.7777777777777777,3.4375
ayurveda therapie,2023-02,0,2023-02-12,45,0.0,170.0,0.0,3.7777777777777777,3.4375
ayurveda therapie,2023-02,0,2023-02-19,45,0.0,170.0,0.0,3.7777777777777777,3.4375
ayurveda therapie,2023-02,0,2023-02-19,45,0.0,170.0,0.0,3.7777777777777777,3.4375
ayurveda therapie,2023-02,0,2023-02-19,45,0.0,170.0,0.0,3.7777777777777777,3.4375
ayurveda therapie,2023-02,0,2023-02-26,45,0.0,170.0,0.0,3.7777777777777777,3.4375
ayurveda therapie,2023-02,0,2023-02-26,45,0.0,170.0,0.0,3.7777777777777777,3.4375
ayurveda therapie,2023-02,0,2023-02-26,45,0.0,170.0,0.0,3.7777777777777777,3.4375
ayurveda therapie,2023-03,0,2023-03-05,142,0.0,170.0,0.0,1.1971830985915493,3.4375
ayurveda therapie,2023-03,0,2023-03-05,142,0.0,170.0,0.0,1.1971830985915493,3.4375
ayurveda therapie,2023-03,0,2023-03-05,142,0.0,170.0,0.0,1.1971830985915493,3.4375
ayurveda therapie,2023-03,55,2023-03-12,142,0.3873239436619718,170.0,65.84507042253522,1.1971830985915493,3.4375
ayurveda therapie,2023-03,55,2023-03-12,142,0.3873239436619718,170.0,65.84507042253522,1.1971830985915493,3.4375
ayurveda therapie,2023-03,55,2023-03-12,142,0.3873239436619718,170.0,65.84507042253522,1.1971830985915493,3.4375
ayurveda therapie,2023-03,87,2023-03-19,142,0.6126760563380281,170.0,104.15492957746478,1.1971830985915493,3.4375
ayurveda therapie,2023-03,87,2023-03-19,142,0.6126760563380281,170.0,104.15492957746478,1.1971830985915493,3.4375
ayurveda therapie,2023-03,87,2023-03-19,142,0.6126760563380281,170.0,104.15492957746478,1.1971830985915493,3.4375
ayurveda therapie,2023-03,0,2023-03-26,142,0.0,170.0,0.0,1.1971830985915493,3.4375
ayurveda therapie,2023-03,0,2023-03-26,142,0.0,170.0,0.0,1.1971830985915493,3.4375
ayurveda therapie,2023-03,0,2023-03-26,142,0.0,170.0,0.0,1.1971830985915493,3.4375
ayurveda therapie,2023-04,56,2023-04-02,139,0.4028776978417266,210.0,84.60431654676259,1.5107913669064748,3.4375
ayurveda therapie,2023-04,56,2023-04-02,139,0.4028776978417266,210.0,84.60431654676259,1.5107913669064748,3.4375
ayurveda therapie,2023-04,56,2023-04-02,139,0.4028776978417266,210.0,84.60431654676259,1.5107913669064748,3.4375
ayurveda therapie,2023-04,35,2023-04-09,139,0.2517985611510791,210.0,52.877697841726615,1.5107913669064748,3.4375
ayurveda therapie,2023-04,35,2023-04-09,139,0.2517985611510791,210.0,52.877697841726615,1.5107913669064748,3.4375
ayurveda therapie,2023-04,35,2023-04-09,139,0.2517985611510791,210.0,52.877697841726615,1.5107913669064748,3.4375
ayurveda therapie,2023-04,0,2023-04-16,139,0.0,210.0,0.0,1.5107913669064748,3.4375
ayurveda therapie,2023-04,0,2023-04-16,139,0.0,210.0,0.0,1.5107913669064748,3.4375
ayurveda therapie,2023-04,0,2023-04-16,139,0.0,210.0,0.0,1.5107913669064748,3.4375
ayurveda therapie,2023-04,21,2023-04-23,139,0.1510791366906475,210.0,31.72661870503597,1.5107913669064748,3.4375
ayurveda therapie,2023-04,21,2023-04-23,139,0.1510791366906475,210.0,31.72661870503597,1.5107913669064748,3.4375
ayurveda therapie,2023-04,21,2023-04-23,139,0.1510791366906475,210.0,31.72661870503597,1.5107913669064748,3.4375
ayurveda therapie,2023-04,27,2023-04-30,139,0.19424460431654678,210.0,40.79136690647482,1.5107913669064748,3.4375
ayurveda therapie,2023-04,27,2023-04-30,139,0.19424460431654678,210.0,40.79136690647482,1.5107913669064748,3.4375
ayurveda therapie,2023-04,27,2023-04-30,139,0.19424460431654678,210.0,40.79136690647482,1.5107913669064748,3.4375
ayurveda therapie,2023-05,0,2023-05-07,0,,170.0,,inf,3.4375
ayurveda therapie,2023-05,0,2023-05-07,0,,170.0,,inf,3.4375
ayurveda therapie,2023-05,0,2023-05-07,0,,170.0,,inf,3.4375
ayurveda therapie,2023-05,0,2023-05-14,0,,170.0,,inf,3.4375
ayurveda therapie,2023-05,0,2023-05-14,0,,170.0,,inf,3.4375
ayurveda therapie,2023-05,0,2023-05-14,0,,170.0,,inf,3.4375
ayurveda therapie,2023-05,0,2023-05-21,0,,170.0,,inf,3.4375
ayurveda therapie,2023-05,0,2023-05-21,0,,170.0,,inf,3.4375
ayurveda therapie,2023-05,0,2023-05-21,0,,170.0,,inf,3.4375
ayurveda therapie,2023-05,0,2023-05-28,0,,170.0,,inf,3.4375
ayurveda therapie,2023-05,0,2023-05-28,0,,170.0,,inf,3.4375
ayurveda therapie,2023-05,0,2023-05-28,0,,170.0,,inf,3.4375
ayurveda therapie,2023-06,0,2023-06-04,0,,110.0,,inf,3.4375
ayurveda therapie,2023-06,0,2023-06-04,0,,110.0,,inf,3.4375
ayurveda therapie,2023-06,0,2023-06-04,0,,110.0,,inf,3.4375
ayurveda therapie,2023-06,0,2023-06-11,0,,110.0,,inf,3.4375
ayurveda therapie,2023-06,0,2023-06-11,0,,110.0,,inf,3.4375
ayurveda therapie,2023-06,0,2023-06-11,0,,110.0,,inf,3.4375
ayurveda therapie,2023-06,0,2023-06-18,0,,110.0,,inf,3.4375
ayurveda therapie,2023-06,0,2023-06-18,0,,110.0,,inf,3.4375
ayurveda therapie,2023-06,0,2023-06-18,0,,110.0,,inf,3.4375
ayurveda therapie,2023-06,0,2023-06-25,0,,110.0,,inf,3.4375
ayurveda therapie,2023-06,0,2023-06-25,0,,110.0,,inf,3.4375
ayurveda therapie,2023-06,0,2023-06-25,0,,110.0,,inf,3.4375
ayurveda therapie,2023-07,0,2023-07-02,32,0.0,110.0,0.0,3.4375,3.4375
ayurveda therapie,2023-07,0,2023-07-02,32,0.0,110.0,0.0,3.4375,3.4375
ayurveda therapie,2023-07,0,2023-07-02,32,0.0,110.0,0.0,3.4375,3.4375
ayurveda therapie,2023-07,0,2023-07-09,32,0.0,110.0,0.0,3.4375,3.4375
ayurveda therapie,2023-07,0,2023-07-09,32,0.0,110.0,0.0,3.4375,3.4375
ayurveda therapie,2023-07,0,2023-07-09,32,0.0,110.0,0.0,3.4375,3.4375
ayurveda therapie,2023-07,0,2023-07-16,32,0.0,110.0,0.0,3.4375,3.4375
ayurveda therapie,2023-07,0,2023-07-16,32,0.0,110.0,0.0,3.4375,3.4375
ayurveda therapie,2023-07,0,2023-07-16,32,0.0,110.0,0.0,3.4375,3.4375
ayurveda therapie,2023-07,32,2023-07-23,32,1.0,110.0,110.0,3.4375,3.4375
ayurveda therapie,2023-07,32,2023-07-23,32,1.0,110.0,110.0,3.4375,3.4375
ayurveda therapie,2023-07,32,2023-07-23,32,1.0,110.0,110.0,3.4375,3.4375
ayurveda therapie,2023-07,0,2023-07-30,32,0.0,110.0,0.0,3.4375,3.4375
ayurveda therapie,2023-07,0,2023-07-30,32,0.0,110.0,0.0,3.4375,3.4375
ayurveda therapie,2023-07,0,2023-07-30,32,0.0,110.0,0.0,3.4375,3.4375
ayurveda therapie,2023-08,0,2023-08-06,0,,210.0,,inf,3.4375
ayurveda therapie,2023-08,0,2023-08-06,0,,210.0,,inf,3.4375
ayurveda therapie,2023-08,0,2023-08-06,0,,210.0,,inf,3.4375
ayurveda therapie,2023-08,0,2023-08-13,0,,210.0,,inf,3.4375
ayurveda therapie,2023-08,0,2023-08-13,0,,210.0,,inf,3.4375
ayurveda therapie,2023-08,0,2023-08-13,0,,210.0,,inf,3.4375
ayurveda therapie,2023-08,0,2023-08-20,0,,210.0,,inf,3.4375
ayurveda therapie,2023-08,0,2023-08-20,0,,210.0,,inf,3.4375
ayurveda therapie,2023-08,0,2023-08-20,0,,210.0,,inf,3.4375
ayurveda therapie,2023-08,0,2023-08-27,0,,210.0,,inf,3.4375
ayurveda therapie,2023-08,0,2023-08-27,0,,210.0,,inf,3.4375
ayurveda therapie,2023-08,0,2023-08-27,0,,210.0,,inf,3.4375
ayurveda therapie,2023-09,27,2023-09-03,51,0.5294117647058824,140.0,74.11764705882354,2.7450980392156863,3.4375
ayurveda therapie,2023-09,27,2023-09-03,51,0.5294117647058824,140.0,74.11764705882354,2.7450980392156863,3.4375
ayurveda therapie,2023-09,27,2023-09-03,51,0.5294117647058824,140.0,74.11764705882354,2.7450980392156863,3.4375
ayurveda therapie,2023-09,0,2023-09-10,51,0.0,140.0,0.0,2.7450980392156863,3.4375
ayurveda therapie,2023-09,0,2023-09-10,51,0.0,140.0,0.0,2.7450980392156863,3.4375
ayurveda therapie,2023-09,0,2023-09-10,51,0.0,140.0,0.0,2.7450980392156863,3.4375
ayurveda therapie,2023-09,0,2023-09-17,51,0.0,140.0,0.0,2.7450980392156863,3.4375
ayurveda therapie,2023-09,0,2023-09-17,51,0.0,140.0,0.0,2.7450980392156863,3.4375
ayurveda therapie,2023-09,0,2023-09-17,51,0.0,140.0,0.0,2.7450980392156863,3.4375
ayurveda therapie,2023-09,24,2023-09-24,51,0.47058823529411764,140.0,65.88235294117646,2.7450980392156863,3.4375
ayurveda therapie,2023-09,24,2023-09-24,51,0.47058823529411764,140.0,65.88235294117646,2.7450980392156863,3.4375
ayurveda therapie,2023-09,24,2023-09-24,51,0.47058823529411764,140.0,65.88235294117646,2.7450980392156863,3.4375
ayurveda therapie,2023-10,0,2023-10-01,0,,0.0,,,3.4375
marma therapie,2018-10,0,2018-10-14,0,,,,,inf
marma therapie,2018-10,0,2018-10-21,0,,,,,inf
marma therapie,2018-10,0,2018-10-28,0,,,,,inf
marma therapie,2018-11,0,2018-11-04,0,,,,,inf
marma therapie,2018-11,0,2018-11-11,0,,,,,inf
marma therapie,2018-11,0,2018-11-18,0,,,,,inf
marma therapie,2018-11,0,2018-11-25,0,,,,,inf
marma therapie,2018-12,49,2018-12-02,79,0.620253164556962,inf,inf,,inf
marma therapie,2018-12,0,2018-12-09,79,0.0,inf,,,inf
marma therapie,2018-12,0,2018-12-16,79,0.0,inf,,,inf
marma therapie,2018-12,30,2018-12-23,79,0.379746835443038,inf,inf,,inf
marma therapie,2018-12,0,2018-12-30,79,0.0,inf,,,inf
marma therapie,2019-01,0,2019-01-06,0,,,,,inf
marma therapie,2019-01,0,2019-01-13,0,,,,,inf
marma therapie,2019-01,0,2019-01-20,0,,,,,inf
marma therapie,2019-01,0,2019-01-27,0,,,,,inf
marma therapie,2019-02,0,2019-02-03,32,0.0,inf,,,inf
marma therapie,2019-02,32,2019-02-10,32,1.0,inf,inf,,inf
marma therapie,2019-02,0,2019-02-17,32,0.0,inf,,,inf
marma therapie,2019-02,0,2019-02-24,32,0.0,inf,,,inf
marma therapie,2019-03,0,2019-03-03,0,,,,,inf
marma therapie,2019-03,0,2019-03-10,0,,,,,inf
marma therapie,2019-03,0,2019-03-17,0,,,,,inf
marma therapie,2019-03,0,2019-03-24,0,,,,,inf
marma therapie,2019-03,0,2019-03-31,0,,,,,inf
marma therapie,2019-04,0,2019-04-07,0,,,,,inf
marma therapie,2019-04,0,2019-04-14,0,,,,,inf
marma therapie,2019-04,0,2019-04-21,0,,,,,inf
marma therapie,2019-04,0,2019-04-28,0,,,,,inf
marma therapie,2019-05,37,2019-05-05,72,0.5138888888888888,inf,inf,,inf
marma therapie,2019-05,35,2019-05-12,72,0.4861111111111111,inf,inf,,inf
marma therapie,2019-05,0,2019-05-19,72,0.0,inf,,,inf
marma therapie,2019-05,0,2019-05-26,72,0.0,inf,,,inf
marma therapie,2019-06,0,2019-06-02,47,0.0,inf,,,inf
marma therapie,2019-06,0,2019-06-09,47,0.0,inf,,,inf
marma therapie,2019-06,0,2019-06-16,47,0.0,inf,,,inf
marma therapie,2019-06,47,2019-06-23,47,1.0,inf,inf,,inf
marma therapie,2019-06,0,2019-06-30,47,0.0,inf,,,inf
marma therapie,2019-07,0,2019-07-07,0,,,,,inf
marma therapie,2019-07,0,2019-07-14,0,,,,,inf
marma therapie,2019-07,0,2019-07-21,0,,,,,inf
marma therapie,2019-07,0,2019-07-28,0,,,,,inf
marma therapie,2019-08,0,2019-08-04,36,0.0,inf,,,inf
marma therapie,2019-08,0,2019-08-11,36,0.0,inf,,,inf
marma therapie,2019-08,36,2019-08-18,36,1.0,inf,inf,,inf
marma therapie,2019-08,0,2019-08-25,36,0.0,inf,,,inf
marma therapie,2019-09,0,2019-09-01,0,,,,,inf
marma therapie,2019-09,0,2019-09-08,0,,,,,inf
marma therapie,2019-09,0,2019-09-15,0,,,,,inf
marma therapie,2019-09,0,2019-09-22,0,,,,,inf
marma therapie,2019-09,0,2019-09-29,0,,,,,inf
marma therapie,2019-10,0,2019-10-06,0,,,,,inf
marma therapie,2019-10,0,2019-10-13,0,,,,,inf
marma therapie,2019-10,0,2019-10-20,0,,,,,inf
marma therapie,2019-10,0,2019-10-27,0,,,,,inf
marma therapie,2019-11,0,2019-11-03,0,,,,,inf
marma therapie,2019-11,0,2019-11-10,0,,,,,inf
marma therapie,2019-11,0,2019-11-17,0,,,,,inf
marma therapie,2019-11,0,2019-11-24,0,,,,,inf
marma therapie,2019-12,0,2019-12-01,0,,,,,inf
marma therapie,2019-12,0,2019-12-08,0,,,,,inf
marma therapie,2019-12,0,2019-12-15,0,,,,,inf
marma therapie,2019-12,0,2019-12-22,0,,,,,inf
marma therapie,2019-12,0,2019-12-29,0,,,,,inf
marma therapie,2020-01,0,2020-01-05,0,,,,,inf
marma therapie,2020-01,0,2020-01-12,0,,,,,inf
marma therapie,2020-01,0,2020-01-19,0,,,,,inf
marma therapie,2020-01,0,2020-01-26,0,,,,,inf
marma therapie,2020-02,0,2020-02-02,41,0.0,inf,,,inf
marma therapie,2020-02,0,2020-02-09,41,0.0,inf,,,inf
marma therapie,2020-02,0,2020-02-16,41,0.0,inf,,,inf
marma therapie,2020-02,41,2020-02-23,41,1.0,inf,inf,,inf
marma therapie,2020-03,0,2020-03-01,26,0.0,inf,,,inf
marma therapie,2020-03,0,2020-03-08,26,0.0,inf,,,inf
marma therapie,2020-03,0,2020-03-15,26,0.0,inf,,,inf
marma therapie,2020-03,26,2020-03-22,26,1.0,inf,inf,,inf
marma therapie,2020-03,0,2020-03-29,26,0.0,inf,,,inf
marma therapie,2020-04,0,2020-04-05,0,,,,,inf
marma therapie,2020-04,0,2020-04-12,0,,,,,inf
marma therapie,2020-04,0,2020-04-19,0,,,,,inf
marma therapie,2020-04,0,2020-04-26,0,,,,,inf
marma therapie,2020-05,0,2020-05-03,0,,,,,inf
marma therapie,2020-05,0,2020-05-10,0,,,,,inf
marma therapie,2020-05,0,2020-05-17,0,,,,,inf
marma therapie,2020-05,0,2020-05-24,0,,,,,inf
marma therapie,2020-05,0,2020-05-31,0,,,,,inf
marma therapie,2020-06,0,2020-06-07,30,0.0,inf,,,inf
marma therapie,2020-06,0,2020-06-14,30,0.0,inf,,,inf
marma therapie,2020-06,30,2020-06-21,30,1.0,inf,inf,,inf
marma therapie,2020-06,0,2020-06-28,30,0.0,inf,,,inf
marma therapie,2020-07,0,2020-07-05,26,0.0,inf,,,inf
marma therapie,2020-07,26,2020-07-12,26,1.0,inf,inf,,inf
marma therapie,2020-07,0,2020-07-19,26,0.0,inf,,,inf
marma therapie,2020-07,0,2020-07-26,26,0.0,inf,,,inf
marma therapie,2020-08,0,2020-08-02,42,0.0,inf,,,inf
marma therapie,2020-08,0,2020-08-09,42,0.0,inf,,,inf
marma therapie,2020-08,19,2020-08-16,42,0.4523809523809524,inf,inf,,inf
marma therapie,2020-08,0,2020-08-23,42,0.0,inf,,,inf
marma therapie,2020-08,23,2020-08-30,42,0.5476190476190477,inf,inf,,inf
marma therapie,2020-09,0,2020-09-06,22,0.0,inf,,,inf
marma therapie,2020-09,22,2020-09-13,22,1.0,inf,inf,,inf
marma therapie,2020-09,0,2020-09-20,22,0.0,inf,,,inf
marma therapie,2020-09,0,2020-09-27,22,0.0,inf,,,inf
marma therapie,2020-10,0,2020-10-04,0,,,,,inf
marma therapie,2020-10,0,2020-10-11,0,,,,,inf
marma therapie,2020-10,0,2020-10-18,0,,,,,inf
marma therapie,2020-10,0,2020-10-25,0,,,,,inf
marma therapie,2020-11,0,2020-11-01,23,0.0,inf,,,inf
marma therapie,2020-11,0,2020-11-08,23,0.0,inf,,,inf
marma therapie,2020-11,0,2020-11-15,23,0.0,inf,,,inf
marma therapie,2020-11,0,2020-11-22,23,0.0,inf,,,inf
marma therapie,2020-11,23,2020-11-29,23,1.0,inf,inf,,inf
marma therapie,2020-12,0,2020-12-06,0,,,,,inf
marma therapie,2020-12,0,2020-12-13,0,,,,,inf
marma therapie,2020-12,0,2020-12-20,0,,,,,inf
marma therapie,2020-12,0,2020-12-27,0,,,,,inf
marma therapie,2021-01,0,2021-01-03,0,,,,,inf
marma therapie,2021-01,0,2021-01-10,0,,,,,inf
marma therapie,2021-01,0,2021-01-17,0,,,,,inf
marma therapie,2021-01,0,2021-01-24,0,,,,,inf
marma therapie,2021-01,0,2021-01-31,0,,,,,inf
marma therapie,2021-02,0,2021-02-07,17,0.0,inf,,,inf
marma therapie,2021-02,0,2021-02-14,17,0.0,inf,,,inf
marma therapie,2021-02,0,2021-02-21,17,0.0,inf,,,inf
marma therapie,2021-02,17,2021-02-28,17,1.0,inf,inf,,inf
marma therapie,2021-03,0,2021-03-07,0,,,,,inf
marma therapie,2021-03,0,2021-03-14,0,,,,,inf
marma therapie,2021-03,0,2021-03-21,0,,,,,inf
marma therapie,2021-03,0,2021-03-28,0,,,,,inf
marma therapie,2021-04,100,2021-04-04,100,1.0,inf,inf,,inf
marma therapie,2021-04,0,2021-04-11,100,0.0,inf,,,inf
marma therapie,2021-04,0,2021-04-18,100,0.0,inf,,,inf
marma therapie,2021-04,0,2021-04-25,100,0.0,inf,,,inf
marma therapie,2021-05,0,2021-05-02,22,0.0,inf,,,inf
marma therapie,2021-05,0,2021-05-09,22,0.0,inf,,,inf
marma therapie,2021-05,22,2021-05-16,22,1.0,inf,inf,,inf
marma therapie,2021-05,0,2021-05-23,22,0.0,inf,,,inf
marma therapie,2021-05,0,2021-05-30,22,0.0,inf,,,inf
marma therapie,2021-06,0,2021-06-06,0,,,,,inf
marma therapie,2021-06,0,2021-06-13,0,,,,,inf
marma therapie,2021-06,0,2021-06-20,0,,,,,inf
marma therapie,2021-06,0,2021-06-27,0,,,,,inf
marma therapie,2021-07,0,2021-07-04,0,,,,,inf
marma therapie,2021-07,0,2021-07-11,0,,,,,inf
marma therapie,2021-07,0,2021-07-18,0,,,,,inf
marma therapie,2021-07,0,2021-07-25,0,,,,,inf
marma therapie,2021-08,0,2021-08-01,0,,,,,inf
marma therapie,2021-08,0,2021-08-08,0,,,,,inf
marma therapie,2021-08,0,2021-08-15,0,,,,,inf
marma therapie,2021-08,0,2021-08-22,0,,,,,inf
marma therapie,2021-08,0,2021-08-29,0,,,,,inf
marma therapie,2021-09,0,2021-09-05,0,,,,,inf
marma therapie,2021-09,0,2021-09-12,0,,,,,inf
marma therapie,2021-09,0,2021-09-19,0,,,,,inf
marma therapie,2021-09,0,2021-09-26,0,,,,,inf
marma therapie,2021-10,0,2021-10-03,30,0.0,inf,,,inf
marma therapie,2021-10,30,2021-10-10,30,1.0,inf,inf,,inf
marma therapie,2021-10,0,2021-10-17,30,0.0,inf,,,inf
marma therapie,2021-10,0,2021-10-24,30,0.0,inf,,,inf
marma therapie,2021-10,0,2021-10-31,30,0.0,inf,,,inf
marma therapie,2021-11,0,2021-11-07,79,0.0,inf,,,inf
marma therapie,2021-11,0,2021-11-14,79,0.0,inf,,,inf
marma therapie,2021-11,79,2021-11-21,79,1.0,inf,inf,,inf
marma therapie,2021-11,0,2021-11-28,79,0.0,inf,,,inf
marma therapie,2021-12,0,2021-12-05,31,0.0,inf,,,inf
marma therapie,2021-12,31,2021-12-12,31,1.0,inf,inf,,inf
marma therapie,2021-12,0,2021-12-19,31,0.0,inf,,,inf
marma therapie,2021-12,0,2021-12-26,31,0.0,inf,,,inf
marma therapie,2022-01,22,2022-01-02,22,1.0,inf,inf,,inf
marma therapie,2022-01,0,2022-01-09,22,0.0,inf,,,inf
marma therapie,2022-01,0,2022-01-16,22,0.0,inf,,,inf
marma therapie,2022-01,0,2022-01-23,22,0.0,inf,,,inf
marma therapie,2022-01,0,2022-01-30,22,0.0,inf,,,inf
marma therapie,2022-02,0,2022-02-06,0,,,,,inf
marma therapie,2022-02,0,2022-02-13,0,,,,,inf
marma therapie,2022-02,0,2022-02-20,0,,,,,inf
marma therapie,2022-02,0,2022-02-27,0,,,,,inf
marma therapie,2022-03,0,2022-03-06,23,0.0,inf,,,inf
marma therapie,2022-03,23,2022-03-13,23,1.0,inf,inf,,inf
marma therapie,2022-03,0,2022-03-20,23,0.0,inf,,,inf
marma therapie,2022-03,0,2022-03-27,23,0.0,inf,,,inf
marma therapie,2022-04,0,2022-04-03,38,0.0,inf,,,inf
marma therapie,2022-04,38,2022-04-10,38,1.0,inf,inf,,inf
marma therapie,2022-04,0,2022-04-17,38,0.0,inf,,,inf
marma therapie,2022-04,0,2022-04-24,38,0.0,inf,,,inf
marma therapie,2022-05,26,2022-05-01,26,1.0,inf,inf,,inf
marma therapie,2022-05,0,2022-05-08,26,0.0,inf,,,inf
marma therapie,2022-05,0,2022-05-15,26,0.0,inf,,,inf
marma therapie,2022-05,0,2022-05-22,26,0.0,inf,,,inf
marma therapie,2022-05,0,2022-05-29,26,0.0,inf,,,inf
marma therapie,2022-06,0,2022-06-05,0,,,,,inf
marma therapie,2022-06,0,2022-06-12,0,,,,,inf
marma therapie,2022-06,0,2022-06-19,0,,,,,inf
marma therapie,2022-06,0,2022-06-26,0,,,,,inf
marma therapie,2022-07,0,2022-07-03,82,0.0,inf,,,inf
marma therapie,2022-07,0,2022-07-10,82,0.0,inf,,,inf
marma therapie,2022-07,0,2022-07-17,82,0.0,inf,,,inf
marma therapie,2022-07,0,2022-07-24,82,0.0,inf,,,inf
marma therapie,2022-07,82,2022-07-31,82,1.0,inf,inf,,inf
marma therapie,2022-08,0,2022-08-07,98,0.0,inf,,,inf
marma therapie,2022-08,0,2022-08-14,98,0.0,inf,,,inf
marma therapie,2022-08,35,2022-08-21,98,0.35714285714285715,inf,inf,,inf
marma therapie,2022-08,63,2022-08-28,98,0.6428571428571429,inf,inf,,inf
marma therapie,2022-09,31,2022-09-04,78,0.3974358974358974,inf,inf,,inf
marma therapie,2022-09,0,2022-09-11,78,0.0,inf,,,inf
marma therapie,2022-09,0,2022-09-18,78,0.0,inf,,,inf
marma therapie,2022-09,47,2022-09-25,78,0.6025641025641025,inf,inf,,inf
marma therapie,2022-10,0,2022-10-02,0,,90.0,,inf,inf
marma therapie,2022-10,0,2022-10-02,0,,90.0,,inf,inf
marma therapie,2022-10,0,2022-10-02,0,,90.0,,inf,inf
marma therapie,2022-10,0,2022-10-09,0,,90.0,,inf,inf
marma therapie,2022-10,0,2022-10-09,0,,90.0,,inf,inf
marma therapie,2022-10,0,2022-10-09,0,,90.0,,inf,inf
marma therapie,2022-10,0,2022-10-16,0,,90.0,,inf,inf
marma therapie,2022-10,0,2022-10-16,0,,90.0,,inf,inf
marma therapie,2022-10,0,2022-10-16,0,,90.0,,inf,inf
marma therapie,2022-10,0,2022-10-23,0,,90.0,,inf,inf
marma therapie,2022-10,0,2022-10-23,0,,90.0,,inf,inf
marma therapie,2022-10,0,2022-10-23,0,,90.0,,inf,inf
marma therapie,2022-10,0,2022-10-30,0,,90.0,,inf,inf
marma therapie,2022-10,0,2022-10-30,0,,90.0,,inf,inf
marma therapie,2022-10,0,2022-10-30,0,,90.0,,inf,inf
marma therapie,2022-11,0,2022-11-06,0,,90.0,,inf,inf
marma therapie,2022-11,0,2022-11-06,0,,90.0,,inf,inf
marma therapie,2022-11,0,2022-11-06,0,,90.0,,inf,inf
marma therapie,2022-11,0,2022-11-13,0,,90.0,,inf,inf
marma therapie,2022-11,0,2022-11-13,0,,90.0,,inf,inf
marma therapie,2022-11,0,2022-11-13,0,,90.0,,inf,inf
marma therapie,2022-11,0,2022-11-20,0,,90.0,,inf,inf
marma therapie,2022-11,0,2022-11-20,0,,90.0,,inf,inf
marma therapie,2022-11,0,2022-11-20,0,,90.0,,inf,inf
marma therapie,2022-11,0,2022-11-27,0,,90.0,,inf,inf
marma therapie,2022-11,0,2022-11-27,0,,90.0,,inf,inf
marma therapie,2022-11,0,2022-11-27,0,,90.0,,inf,inf
marma therapie,2022-12,0,2022-12-04,45,0.0,70.0,0.0,1.5555555555555556,inf
marma therapie,2022-12,0,2022-12-04,45,0.0,70.0,0.0,1.5555555555555556,inf
marma therapie,2022-12,0,2022-12-04,45,0.0,70.0,0.0,1.5555555555555556,inf
marma therapie,2022-12,0,2022-12-11,45,0.0,70.0,0.0,1.5555555555555556,inf
marma therapie,2022-12,0,2022-12-11,45,0.0,70.0,0.0,1.5555555555555556,inf
marma therapie,2022-12,0,2022-12-11,45,0.0,70.0,0.0,1.5555555555555556,inf
marma therapie,2022-12,45,2022-12-18,45,1.0,70.0,70.0,1.5555555555555556,inf
marma therapie,2022-12,45,2022-12-18,45,1.0,70.0,70.0,1.5555555555555556,inf
marma therapie,2022-12,45,2022-12-18,45,1.0,70.0,70.0,1.5555555555555556,inf
marma therapie,2022-12,0,2022-12-25,45,0.0,70.0,0.0,1.5555555555555556,inf
marma therapie,2022-12,0,2022-12-25,45,0.0,70.0,0.0,1.5555555555555556,inf
marma therapie,2022-12,0,2022-12-25,45,0.0,70.0,0.0,1.5555555555555556,inf
marma therapie,2023-01,0,2023-01-01,22,0.0,110.0,0.0,5.0,inf
marma therapie,2023-01,0,2023-01-01,22,0.0,110.0,0.0,5.0,inf
marma therapie,2023-01,0,2023-01-01,22,0.0,110.0,0.0,5.0,inf
marma therapie,2023-01,0,2023-01-08,22,0.0,110.0,0.0,5.0,inf
marma therapie,2023-01,0,2023-01-08,22,0.0,110.0,0.0,5.0,inf
marma therapie,2023-01,0,2023-01-08,22,0.0,110.0,0.0,5.0,inf
marma therapie,2023-01,0,2023-01-15,22,0.0,110.0,0.0,5.0,inf
marma therapie,2023-01,0,2023-01-15,22,0.0,110.0,0.0,5.0,inf
marma therapie,2023-01,0,2023-01-15,22,0.0,110.0,0.0,5.0,inf
marma therapie,2023-01,0,2023-01-22,22,0.0,110.0,0.0,5.0,inf
marma therapie,2023-01,0,2023-01-22,22,0.0,110.0,0.0,5.0,inf
marma therapie,2023-01,0,2023-01-22,22,0.0,110.0,0.0,5.0,inf
marma therapie,2023-01,22,2023-01-29,22,1.0,110.0,110.0,5.0,inf
marma therapie,2023-01,22,2023-01-29,22,1.0,110.0,110.0,5.0,inf
marma therapie,2023-01,22,2023-01-29,22,1.0,110.0,110.0,5.0,inf
marma therapie,2023-02,0,2023-02-05,0,,70.0,,inf,inf
marma therapie,2023-02,0,2023-02-05,0,,70.0,,inf,inf
marma therapie,2023-02,0,2023-02-05,0,,70.0,,inf,inf
marma therapie,2023-02,0,2023-02-12,0,,70.0,,inf,inf
marma therapie,2023-02,0,2023-02-12,0,,70.0,,inf,inf
marma therapie,2023-02,0,2023-02-12,0,,70.0,,inf,inf
marma therapie,2023-02,0,2023-02-19,0,,70.0,,inf,inf
marma therapie,2023-02,0,2023-02-19,0,,70.0,,inf,inf
marma therapie,2023-02,0,2023-02-19,0,,70.0,,inf,inf
marma therapie,2023-02,0,2023-02-26,0,,70.0,,inf,inf
marma therapie,2023-02,0,2023-02-26,0,,70.0,,inf,inf
marma therapie,2023-02,0,2023-02-26,0,,70.0,,inf,inf
marma therapie,2023-03,0,2023-03-05,57,0.0,140.0,0.0,2.456140350877193,inf
marma therapie,2023-03,0,2023-03-05,57,0.0,140.0,0.0,2.456140350877193,inf
marma therapie,2023-03,0,2023-03-05,57,0.0,140.0,0.0,2.456140350877193,inf
marma therapie,2023-03,37,2023-03-12,57,0.6491228070175439,140.0,90.87719298245614,2.456140350877193,inf
marma therapie,2023-03,37,2023-03-12,57,0.6491228070175439,140.0,90.87719298245614,2.456140350877193,inf
marma therapie,2023-03,37,2023-03-12,57,0.6491228070175439,140.0,90.87719298245614,2.456140350877193,inf
marma therapie,2023-03,20,2023-03-19,57,0.3508771929824561,140.0,49.122807017543856,2.456140350877193,inf
marma therapie,2023-03,20,2023-03-19,57,0.3508771929824561,140.0,49.122807017543856,2.456140350877193,inf
marma therapie,2023-03,20,2023-03-19,57,0.3508771929824561,140.0,49.122807017543856,2.456140350877193,inf
marma therapie,2023-03,0,2023-03-26,57,0.0,140.0,0.0,2.456140350877193,inf
marma therapie,2023-03,0,2023-03-26,57,0.0,140.0,0.0,2.456140350877193,inf
marma therapie,2023-03,0,2023-03-26,57,0.0,140.0,0.0,2.456140350877193,inf
marma therapie,2023-04,0,2023-04-02,0,,70.0,,inf,inf
marma therapie,2023-04,0,2023-04-02,0,,70.0,,inf,inf
marma therapie,2023-04,0,2023-04-02,0,,70.0,,inf,inf
marma therapie,2023-04,0,2023-04-09,0,,70.0,,inf,inf
marma therapie,2023-04,0,2023-04-09,0,,70.0,,inf,inf
marma therapie,2023-04,0,2023-04-09,0,,70.0,,inf,inf
marma therapie,2023-04,0,2023-04-16,0,,70.0,,inf,inf
marma therapie,2023-04,0,2023-04-16,0,,70.0,,inf,inf
marma therapie,2023-04,0,2023-04-16,0,,70.0,,inf,inf
marma therapie,2023-04,0,2023-04-23,0,,70.0,,inf,inf
marma therapie,2023-04,0,2023-04-23,0,,70.0,,inf,inf
marma therapie,2023-04,0,2023-04-23,0,,70.0,,inf,inf
marma therapie,2023-04,0,2023-04-30,0,,70.0,,inf,inf
marma therapie,2023-04,0,2023-04-30,0,,70.0,,inf,inf
marma therapie,2023-04,0,2023-04-30,0,,70.0,,inf,inf
marma therapie,2023-05,0,2023-05-07,44,0.0,90.0,0.0,2.0454545454545454,inf
marma therapie,2023-05,0,2023-05-07,44,0.0,90.0,0.0,2.0454545454545454,inf
marma therapie,2023-05,0,2023-05-07,44,0.0,90.0,0.0,2.0454545454545454,inf
marma therapie,2023-05,25,2023-05-14,44,0.5681818181818182,90.0,51.13636363636364,2.0454545454545454,inf
marma therapie,2023-05,25,2023-05-14,44,0.5681818181818182,90.0,51.13636363636364,2.0454545454545454,inf
marma therapie,2023-05,25,2023-05-14,44,0.5681818181818182,90.0,51.13636363636364,2.0454545454545454,inf
marma therapie,2023-05,19,2023-05-21,44,0.4318181818181818,90.0,38.86363636363637,2.0454545454545454,inf
marma therapie,2023-05,19,2023-05-21,44,0.4318181818181818,90.0,38.86363636363637,2.0454545454545454,inf
marma therapie,2023-05,19,2023-05-21,44,0.4318181818181818,90.0,38.86363636363637,2.0454545454545454,inf
marma therapie,2023-05,0,2023-05-28,44,0.0,90.0,0.0,2.0454545454545454,inf
marma therapie,2023-05,0,2023-05-28,44,0.0,90.0,0.0,2.0454545454545454,inf
marma therapie,2023-05,0,2023-05-28,44,0.0,90.0,0.0,2.0454545454545454,inf
marma therapie,2023-06,0,2023-06-04,0,,110.0,,inf,inf
marma therapie,2023-06,0,2023-06-04,0,,110.0,,inf,inf
marma therapie,2023-06,0,2023-06-04,0,,110.0,,inf,inf
marma therapie,2023-06,0,2023-06-11,0,,110.0,,inf,inf
marma therapie,2023-06,0,2023-06-11,0,,110.0,,inf,inf
marma therapie,2023-06,0,2023-06-11,0,,110.0,,inf,inf
marma therapie,2023-06,0,2023-06-18,0,,110.0,,inf,inf
marma therapie,2023-06,0,2023-06-18,0,,110.0,,inf,inf
marma therapie,2023-06,0,2023-06-18,0,,110.0,,inf,inf
marma therapie,2023-06,0,2023-06-25,0,,110.0,,inf,inf
marma therapie,2023-06,0,2023-06-25,0,,110.0,,inf,inf
marma therapie,2023-06,0,2023-06-25,0,,110.0,,inf,inf
marma therapie,2023-07,0,2023-07-02,0,,70.0,,inf,inf
marma therapie,2023-07,0,2023-07-02,0,,70.0,,inf,inf
marma therapie,2023-07,0,2023-07-02,0,,70.0,,inf,inf
marma therapie,2023-07,0,2023-07-09,0,,70.0,,inf,inf
marma therapie,2023-07,0,2023-07-09,0,,70.0,,inf,inf
marma therapie,2023-07,0,2023-07-09,0,,70.0,,inf,inf
marma therapie,2023-07,0,2023-07-16,0,,70.0,,inf,inf
marma therapie,2023-07,0,2023-07-16,0,,70.0,,inf,inf
marma therapie,2023-07,0,2023-07-16,0,,70.0,,inf,inf
marma therapie,2023-07,0,2023-07-23,0,,70.0,,inf,inf
marma therapie,2023-07,0,2023-07-23,0,,70.0,,inf,inf
marma therapie,2023-07,0,2023-07-23,0,,70.0,,inf,inf
marma therapie,2023-07,0,2023-07-30,0,,70.0,,inf,inf
marma therapie,2023-07,0,2023-07-30,0,,70.0,,inf,inf
marma therapie,2023-07,0,2023-07-30,0,,70.0,,inf,inf
marma therapie,2023-08,0,2023-08-06,0,,90.0,,inf,inf
marma therapie,2023-08,0,2023-08-06,0,,90.0,,inf,inf
marma therapie,2023-08,0,2023-08-06,0,,90.0,,inf,inf
marma therapie,2023-08,0,2023-08-13,0,,90.0,,inf,inf
marma therapie,2023-08,0,2023-08-13,0,,90.0,,inf,inf
marma therapie,2023-08,0,2023-08-13,0,,90.0,,inf,inf
marma therapie,2023-08,0,2023-08-20,0,,90.0,,inf,inf
marma therapie,2023-08,0,2023-08-20,0,,90.0,,inf,inf
marma therapie,2023-08,0,2023-08-20,0,,90.0,,inf,inf
marma therapie,2023-08,0,2023-08-27,0,,90.0,,inf,inf
marma therapie,2023-08,0,2023-08-27,0,,90.0,,inf,inf
marma therapie,2023-08,0,2023-08-27,0,,90.0,,inf,inf
marma therapie,2023-09,0,2023-09-03,30,0.0,90.0,0.0,3.0,inf
marma therapie,2023-09,0,2023-09-03,30,0.0,90.0,0.0,3.0,inf
marma therapie,2023-09,0,2023-09-03,30,0.0,90.0,0.0,3.0,inf
marma therapie,2023-09,0,2023-09-10,30,0.0,90.0,0.0,3.0,inf
marma therapie,2023-09,0,2023-09-10,30,0.0,90.0,0.0,3.0,inf
marma therapie,2023-09,0,2023-09-10,30,0.0,90.0,0.0,3.0,inf
marma therapie,2023-09,0,2023-09-17,30,0.0,90.0,0.0,3.0,inf
marma therapie,2023-09,0,2023-09-17,30,0.0,90.0,0.0,3.0,inf
marma therapie,2023-09,0,2023-09-17,30,0.0,90.0,0.0,3.0,inf
marma therapie,2023-09,30,2023-09-24,30,1.0,90.0,90.0,3.0,inf
marma therapie,2023-09,30,2023-09-24,30,1.0,90.0,90.0,3.0,inf
marma therapie,2023-09,30,2023-09-24,30,1.0,90.0,90.0,3.0,inf
marma therapie,2023-10,0,2023-10-01,0,,,,,inf
